"Argentina","Australia","Austria","Belgium","Bolivia..Plurinational.State.of.","Brazil","Canada","Colombia","Costa.Rica","Cyprus","Denmark","D.R..of.the.Congo","Ecuador","Egypt","El.Salvador","Ethiopia","Finland","France","Germany","Guatemala","Honduras","Iceland","India","Ireland","Israel","Italy","Japan","Kenya","Luxembourg","Mauritius","Mexico","Morocco","Netherlands","New.Zealand","Nicaragua","Nigeria","Norway","Pakistan","Panama","Peru","Philippines","Portugal","South.Africa","Spain","Sri.Lanka","Sweden","Switzerland","Thailand","Trinidad.and.Tobago","Turkey","Uganda","United.Kingdom","United.States","Uruguay","Venezuela..Bolivarian.Republic.of."
8932.81516498874,14223.1404571766,6668.61020071365,8692.14854404524,4185.48628766579,2901.43028007761,12904.828698018,3599.03224755349,2826.11161358294,2850.92339502984,11773.3297455121,1587.08649707591,2927.11125398756,1532.17775245895,3297.1130370324,483.734212160307,6743.97819866295,7813.3065468403,6458.38751799257,3219.67056221084,2808.12507711166,7837.29856480818,804.757434444792,7695.64705807445,4677.67580229344,6187.74159228274,3110.30739515201,1857.26391779262,11660.6826388407,4317.14201126257,4656.04634955046,1877.18004656875,9967.24641937649,13289.6510248663,2977.5158083138,1920.92197567572,16589.9970361137,1284.28962449029,2550.41042225979,3820.58541205367,2039.68852830144,3527.13100099062,6042.8661322708,4434.95761438994,1461.62515301334,11013.8532825402,20786.5042883581,1224.10748914975,4630.41880508086,3375.50171616976,940.065445894942,10428.4350439396,14490.9401552387,6592.71418342898,9591.16580527652
9262.19738793261,14168.0079196297,7081.44881660759,8978.57336356928,4475.47324216249,2957.68319109164,13168.7783416331,3568.76075724743,2830.2975524942,2847.12523161588,11488.1319411528,1784.49079551113,2909.89889019311,1528.21133504865,3340.88459015295,544.165907442248,7239.14587126074,8181.15663555641,7050.2223216474,3162.03434150155,2800.54898285327,7584.59264591314,806.162561297357,7968.55374087023,5253.88325484519,6684.34190121222,3334.50711841407,2122.76445589821,11084.2671276904,4393.14133366149,4964.42774499785,1843.60472689698,10062.4070510547,12776.9157387894,3292.59436228931,1994.29027238629,16799.6507514039,1271.50191022484,2464.11867868459,4031.09612601638,2187.72899041674,3830.50801838729,6167.62573871455,5138.28875133774,1516.0524604579,11235.4328018889,22210.419291692,1132.68310990505,4968.63589503153,4065.97148671002,1032.71507670214,10838.2779260624,15395.1312340318,7517.1820308697,10157.6555094905
8535.30532920472,13305.7060267016,7061.71300893136,9142.22995852587,4402.23527524145,3083.491153013,13832.7043794574,3686.04505346403,3077.81686917169,3108.73276936893,11661.4590137728,1876.0280634414,3163.66134651631,1593.36969658767,3493.23630869973,553.413449301106,7526.02157343334,8383.20933718411,7666.67271693495,3125.70986769021,2616.69001906333,7316.66502197529,832.487098508144,7850.34359586898,5042.21229941722,6935.78491866341,3690.63384810926,1946.76167089568,11637.7450260382,4140.30279261739,5007.92602226305,1873.88865503257,10120.4126030243,12472.1658618618,3778.16198160334,2081.63928596339,17491.4368982583,1274.92670310799,2528.76058987429,4176.07773771135,2257.83281715995,3969.73680145236,6217.56313776757,5337.7754245508,1561.22969598612,11328.5613462611,22086.8574058788,1071.03929818705,5055.52268610571,4293.75286356237,1086.91203338745,10892.8357938163,15749.9994544584,7140.68260704201,11153.1605422076
8722.82206212513,14471.5970381645,7288.75362145991,9393.10934847697,3621.69797685767,3136.22778445248,14133.8217386307,3851.07548359122,3492.39194287771,3385.98839812925,12285.5807027667,2027.94613816459,3189.14936075807,1632.15757075192,3658.55357121465,596.020596444802,7409.1632182429,8616.93812764157,8302.02111846595,3138.11831635874,2710.69953304804,8233.02649057153,864.972512073175,8153.38877478134,4831.47541709272,7318.6553903979,3884.31172855616,1810.04785293337,11839.2381366658,4059.51752290063,4829.06348841905,1913.95781098188,10931.3376260769,12410.2490540574,3818.40307397561,2086.06083145897,18523.2635316493,1360.19504238612,2621.25214034657,4288.6386836368,2387.28254421245,4152.84084395131,6320.42652079992,5105.94809447722,1448.17589737669,11640.7462788755,22573.4653587943,937.46029549914,5037.0848092204,4722.98038442679,996.593937501006,11358.5930746104,16218.5353756532,7413.05448956062,10965.7828109632
8837.30551975883,15273.1778342621,7881.47919150794,9761.06267990246,3644.49736085104,3283.75714728771,13570.459330882,4017.18803884381,3503.52976137738,3409.70500260205,12794.8270160723,2076.61652659976,3400.52333514947,1551.04695251747,3650.7712304743,598.954785426495,7922.18136107045,9038.67744165225,8893.8585251661,3094.65781815447,2296.01373524242,8811.7719668868,881.282935220672,8245.23986701952,5618.65920693299,7564.39498893135,4027.08370020966,1906.02266756008,11673.3001138479,3747.28772044249,5201.4151263211,1905.86556011065,11606.5174656061,13572.3842335934,4165.96056208946,2195.36268731414,19046.108066132,1316.6415314563,2652.19773079441,4449.18005575619,2491.23435680043,4311.41413154646,6570.10359111865,5759.79501965703,1513.5339108669,12244.6501735457,23590.3664748892,994.400311380561,5108.88245113383,4156.90056762712,945.238188107009,11656.5729643267,15845.9400149238,7965.19723429735,11574.7921103159
9281.11651131169,15510.992850862,8775.49744131262,10051.9159930396,3920.20654276241,3469.52977497317,14441.7272775892,4057.72238826504,3732.32961402914,3523.60078734053,12643.0773430812,2166.23608112045,3462.47198353684,1512.07108837013,3735.08214721663,619.436632720043,8472.99521040878,9439.26759651349,9909.54778812482,3070.76635761982,2276.63597075321,9552.95327963058,884.325684527947,8687.18560362193,6167.90219783756,7914.28993371403,4259.12988458878,1961.92127326117,12163.6851519258,3786.30424687452,5462.84701369741,1730.6293199658,12336.2865331628,13833.0181734731,4184.57350160385,2168.09858522819,19319.8016443374,1294.0040898923,2734.50096989436,4540.98836265616,2586.95109842149,4455.404573084,6773.42510030297,6053.45533413732,1547.38835537418,12524.4033956592,24925.4532642355,892.33745507999,5672.18404774721,4452.05952684989,977.184916467764,11952.9978323754,16677.2969530943,7985.70766982893,11843.5482101905
9355.99837573264,15180.8331941974,9309.11694607771,10304.1538037126,3664.74498153851,3465.87577457173,15400.1828766766,4030.99823775983,3547.80259359111,4091.95504352755,12818.2099625926,2241.82460160688,3481.90827164866,1503.20860030339,3862.14337211936,621.13396483756,8626.40526252253,9823.23249618062,10608.0318033279,3243.56759847321,2624.44936897646,9634.54099899856,891.527060331681,8450.08071974538,6434.73926643616,8191.64885840061,4530.3234060059,2004.51380952036,12607.4680244719,3705.36337782541,5724.8982111398,1715.38674475503,12753.3001786204,13757.0432331689,4072.32737318835,2073.81025742601,19696.678388691,1328.10408387531,2805.13111389693,4611.62005293578,2689.77171019426,4628.15166195305,6992.35664534232,6464.11549596268,1326.29940809463,12851.4820568468,26235.039241683,903.83665257989,6287.03175459698,4368.80971347239,1002.5332447041,12016.575216073,16733.1737939816,7883.139242867,12488.9312431801
9547.58375577706,15174.7852701688,9830.55620725485,10428.2616541395,3592.71676806846,3623.46234374161,15267.122008859,3924.23824028706,3650.50625049041,4444.33361916923,13229.0262499115,2217.78317163592,3515.11943910481,1536.45196890337,3917.07373819231,611.362798534559,8578.11120556184,10250.0702394518,11178.4335018369,3317.45917268814,2574.040651879,9430.82631744887,875.200344807789,8257.39501519062,6663.76056720432,8457.82162139935,4841.90787073612,2034.80839117423,13170.5588098344,3727.65927540333,5997.60308008674,1604.22129069749,12984.3146496542,14142.5659223652,4209.34582794201,2071.50468375458,20317.0335071628,1312.15496984835,3019.73821561089,4793.15005966448,2740.74556377976,4819.79519438892,7109.79913352907,6689.50091654337,1333.08601384997,13066.3367354908,26847.758578514,999.856027486458,6908.87342555696,5155.33048465811,1019.79951904376,12107.5600159815,16779.4191474463,8025.521590416,13135.0550153534
10006.699644716,15872.8638863156,10158.8583815019,10300.0571135851,3468.21953493126,3896.96545792751,15117.8879418343,3838.16388024676,3927.49086840121,4036.82999917566,13456.5459180349,2124.74425791398,3512.52621841374,1643.14516179646,3851.75757757241,653.25093125705,8499.19081451749,10417.331522692,11597.0682228125,3361.43034474903,2668.82149629427,10069.4625542706,919.21772721788,8308.88727691527,6868.00059530642,8801.97331555406,5096.71952867971,1981.84123514302,13262.8123643403,3605.05361080631,6070.27972300676,1738.70158242188,12671.0657187565,13910.9480571163,4062.60050981109,2148.79555644222,20437.0088004355,1313.46732513255,2982.72636726324,4638.82711477509,2758.20763636248,4818.65873987937,7132.59980139226,6920.03696960992,1391.48575535363,13304.0265641161,25903.7907762844,987.824545558059,7458.29048958624,5385.29167258531,970.181202484534,12094.3693491213,16380.0432176808,7445.09414918582,12978.6879631225
9364.97958637955,16485.2828113517,10417.4346649944,10602.63677623,3473.85839883816,4152.97962183153,15371.4937947582,3965.70134170787,3889.02677748801,4195.63916138252,14433.036514809,2124.69724539414,3578.44163932996,1672.03926574536,3808.6129209528,627.086440830693,9050.71981491109,10587.0869435406,12418.0066870444,3414.59386246008,2756.97817122066,10143.4661463917,919.16884641121,8808.6132312702,7532.37325071818,9308.96331775674,5522.32351569933,1861.30840042663,13204.8652684673,3603.7958061945,5999.10814609118,1734.50743910432,13107.6444974897,14137.1249900065,3859.67637030046,2188.45879492973,20873.8425667388,1323.5780143269,3088.58882233568,4679.35326508095,2854.17874703413,5049.96333950872,7287.40496966976,6672.84285911549,1380.40993581119,13944.2400717529,27226.1303014122,1065.6512284382,7793.04167157252,5118.88424178267,989.664745561444,12402.5248675688,17220.3521442625,7177.00829901973,13146.3286324385
10213.8871548928,16494.9524230113,11316.4743167548,11190.1005253413,3544.80117291146,4409.3637044435,15509.3053090613,4060.45107228884,4050.2868826919,3689.4903643423,15183.4380207878,2268.71517738181,3670.21123303149,1758.06352053952,3859.11240519294,679.260169051153,9737.95041590437,11336.91493645,13381.3493187059,3386.91704932609,2602.13250532426,10199.3805199321,970.819517643395,9186.23016525312,7805.12757158847,10001.3385409779,6190.7820813012,1954.87736161419,13688.15370814,3283.71310617719,6324.25819342464,1723.58329341653,14230.3878830144,16099.3605933459,3906.87916739253,2643.08138942399,21605.4006658549,1313.65313194329,3181.81157000165,5104.55683997364,2809.53674981498,5375.60180349145,7317.02184248328,7384.40579166033,1429.40854355137,14398.797079602,28569.806478954,1158.82790759872,8414.67438400199,4899.58047305296,974.91690210101,12817.4746783301,17384.0708794539,7399.44265827864,11933.8198688111
10377.8273896891,16345.1574300654,11843.6491616142,11696.2742147569,3529.28017720261,4649.89888738998,15633.1241997385,4161.03899525979,3870.26999117715,3984.92672359977,16075.1671753099,1987.29253076925,3747.75497488066,1799.40612121287,3796.75751219249,693.976589519231,10404.7658188743,11778.4010770613,13933.688900579,3422.32866608494,2562.03044807455,10017.288159286,985.644421211657,9690.69046269125,8360.71364922122,10762.6640289369,6862.46930004581,1827.84044722876,14040.3872789896,3520.67692302559,6298.87773276096,2021.55478147173,14463.1548510135,16520.6454997633,4050.83331460312,2460.48809944906,22779.1144135613,1352.22817503964,3426.70511335483,5327.64399867946,2879.59033480132,5753.72817467413,7392.62172626391,8262.54529059878,1553.03707193713,15133.0069583446,30045.7573628738,1182.88608966221,9469.0542925639,4844.23964176695,951.36141933587,12985.7354565057,17534.9776520284,7427.79734999105,11996.6551797699
10280.719026524,17055.6582875561,12005.5366952348,12246.0406688483,3667.09672839004,4812.95751330888,16400.0068585167,4226.07873924591,3997.51101263521,4387.66251160774,16925.3160747679,2202.58853506057,3818.29898387667,1793.46338216131,4073.51345447814,704.053512176372,10642.393682338,12310.6769504617,14470.2804421019,3433.66794061061,2574.0371581783,10662.4548193533,997.880278875187,10021.591503143,8822.14903887159,11351.391764413,7383.32193500373,1917.89512574475,14042.9238208481,3546.52497604697,6340.74043334292,2269.65828562812,14899.313441959,16484.523263336,4451.81831422181,2480.56694156232,23232.6922950409,1400.88338804879,3603.81479329297,5608.73300121893,2929.86606565334,6086.10601945866,7654.36727627266,9072.23760845262,1517.68190818785,15690.5793428463,30629.0973067943,1239.59108420343,9402.34585745713,5007.60970843063,977.873433095579,13094.0350967849,18323.5109848086,7296.3820896152,12683.7861792782
9750.82602170102,17865.3193637247,12452.3626853633,12689.4154748772,3824.4925017636,4701.04948615742,16926.3751487049,4219.61242227172,4104.50424340425,4565.98212464468,16993.561963664,2192.51439059481,3785.07666973621,1810.45693107393,4119.20632686851,716.074978708946,10914.5487265097,12916.9748129532,14734.624200935,3644.8485695784,2470.90452525512,11541.5998176046,1041.44400692084,10446.9958421267,9363.80660677121,11897.4101271309,7950.80014708929,1938.57399765012,14168.4942725207,3798.21102650613,6735.95418907489,2565.88719867981,15201.5136234848,17168.9000020266,4678.70440702047,2618.26808930646,23930.4205751976,1467.72107020392,3800.39655648877,5649.8610869819,3034.49131814953,6393.21004650766,7996.00403369282,9896.71328550888,1609.87272786359,16421.65173565,31441.1237924352,1302.67421539898,9438.84814683934,5350.28999742512,1053.13983281135,13516.0150908646,18848.0965323523,7092.91559578069,13037.7462856436
10349.3282367384,18628.0154026336,13121.063211693,13458.2666843703,3915.78378745883,4719.25650972331,17694.9286372709,4416.15728309067,4156.34144182727,4092.05456704353,18289.9459490411,2153.14632043586,3946.43345913264,2074.34296208442,4376.70160602032,724.316870554869,11469.2899241552,13605.0951525603,15514.7156540069,3695.80881763834,2490.80268714066,12459.9401301345,1094.72820620787,10850.5957098012,9915.81472378596,12128.1619790486,8748.48921463376,1989.62394026101,15272.2878239026,3731.34605213684,7422.53541902135,2631.59797512521,16410.9570097792,17706.9384179789,5121.19164127034,2625.22884788835,24940.1592217344,1527.60994201605,3855.70127596253,5851.11511414571,3047.68132064519,6693.75194632846,8410.47739852436,10328.0220103164,1626.54523960116,17419.7801148794,32542.819945068,1347.11168931398,10034.4131389838,5443.67570052859,1101.36945214905,14178.0421226635,19660.0836937296,7190.11801951328,14223.1193699456
11132.03380755,18675.4700100595,13380.6551149838,13807.5530719613,4001.28003994728,4691.4291464952,18509.3717477365,4328.57398361201,4467.2642017536,4927.71154896509,18880.4471682784,2060.96356614933,3956.16691659608,2126.03835332184,4492.95381410289,753.354268811076,11991.4689045341,14139.2085286904,16289.8343014478,3779.27990845342,2691.10839323319,13129.0129273875,1047.64179526449,11063.8021326422,9486.36812172562,12439.1660912979,9146.03967821009,2020.35266647832,15362.2545960221,3625.37466530191,7599.24343367135,2558.92816130101,17096.846155771,18589.8104662433,5551.94462399049,2429.98719188274,26055.1765554645,1623.37885217786,4088.32306531379,5966.46276298352,3113.96669675216,7161.80911224182,8680.07275704438,10950.8116246376,1625.73170454369,17900.9153030155,33262.0149659473,1409.7299769116,10026.3584835342,5459.71268697886,1099.40805820435,14411.9351759656,20677.8062383587,7052.48953731852,14395.1059952022
10996.1985937607,19462.9643242534,14028.4747709363,14128.4042719476,4181.95355986683,4861.56127310385,19409.4496779954,4437.42178293926,4576.86773588406,5240.16744037194,19387.3886711943,2132.20950829791,3933.80210568156,2070.30079678928,4687.64037614342,773.010071691099,12281.5607920098,14746.2024408016,16553.6903200486,3907.61668971539,2713.03514983011,14033.5746989487,1020.59722069538,11058.0940664301,10131.4543422396,13101.3726333644,9991.63746949818,2188.68163335387,15433.9560006303,3440.04904822783,7827.77743369198,2405.54910389222,17359.3085027628,19414.9479383298,5630.9838108787,2239.79596867518,26822.1458550448,1701.53202163026,4272.00037784335,6287.39246650441,3152.11657728912,7408.69820838874,8838.04337657138,11670.94052906,1673.1429303686,18086.0121180252,33779.188721533,1535.18797418632,10526.3412544583,5985.37245086956,1142.83696899833,14613.9035561842,21788.0909677421,7256.40741986763,13789.7646474278
11143.691565109,20088.4462751486,14376.8260310004,14597.0372375616,4415.25074694745,4922.35348939749,19576.8175804782,4481.85827795295,4683.19502172132,5873.67486751228,20323.3542157035,2044.69810518779,4080.27995852813,2007.25015742579,4731.35678326062,804.884130777623,12437.3253544258,15359.8257422427,16444.5172420035,3986.1737136236,2725.59182374657,13641.8415371926,1077.21062510377,11562.4297703008,10033.5558736888,13942.1075652963,10985.1703753828,2208.03014238866,15502.9698433128,3613.93560151676,8020.79537610909,2454.47997011961,18124.1334002552,18102.625948456,5788.21464738984,1833.64308806199,28256.4701241934,1725.41345650102,4504.35629407794,6344.84397063481,3218.69967478085,7939.11791406525,9203.92011408422,11996.68482104,1788.68025766555,18651.6159516786,34426.910371045,1606.67352241784,10660.5114500261,6085.80148508559,1186.20116915087,14853.7914950093,22143.4426858769,6986.89769876399,13910.0380804277
11554.9172073305,21119.9289950168,14921.76137846,15219.7920135682,3725.03878477486,5254.40598528792,20288.7129722405,4644.26477638833,4921.80667499282,6147.22264695903,21334.6659349283,2110.00999363037,4119.94831860294,2074.49718000107,4662.51327364259,827.951153595726,12602.7095731695,15911.8825641832,17229.1138986817,4247.65012606802,2818.17976972423,12730.4447528805,1106.8888094402,12560.5364369321,10065.2474807866,14776.6581889441,12156.49266925,2136.05506668051,16271.3261996621,3067.38603504443,8478.76910522758,2553.70778999497,19230.4315594575,17838.5611963255,5591.3449104871,1793.30617330909,28645.2063634345,1772.64373123331,4681.17994501021,6191.89940692973,3280.03654592601,8951.41226754983,9349.33446980186,12596.904925362,1837.6033209747,19072.1402999511,35260.9980366273,1688.27310606988,11177.920415835,6348.36205849762,1179.61539313069,15844.5657946983,22999.6879191049,6993.82578299227,14728.2243877954
12432.5610664098,22152.2144905875,15824.2652374182,16124.1068036911,3745.80862715913,5596.30810076156,21059.4280050456,4819.99722493004,5046.64369142847,6695.0819737662,22603.6276039911,2211.44160108269,4092.46647804508,2200.93194842905,4666.78053028671,837.755402797499,13826.7831372479,16908.0158287588,18395.7770951945,4357.06160490625,2734.97932365692,12925.0666099258,1203.36172680561,13392.2246484179,11323.7514942981,15571.931895384,13449.8109480525,2197.99444585477,17934.1196711932,3154.04179521685,8514.59536069582,2741.67344059069,20396.1333630756,19380.7120630518,5806.29041105946,2050.66184393718,29687.0015741136,1858.19244300888,4933.00687246763,6248.15376299152,3336.59441433548,9226.23651590555,9522.62976776967,13657.2398232868,1969.87869013952,19981.0680777163,36767.5728349477,1782.39450368009,11490.9176071475,6537.74679486553,1254.30734676748,15636.437133182,23491.3520481707,7405.67079783688,15001.2038880109
12636.0162085261,22519.9994033209,16887.4761210299,17154.2559383381,3606.99227084792,6012.37629340438,21320.0702451584,5023.09590714274,5273.89269706464,6835.38207340385,22777.8539605949,2144.94526416221,4229.59637741004,2568.31270880796,4696.5081605218,805.137128568085,14989.5876069628,17801.166599645,19195.8328423185,4506.87030113486,2708.43404089097,13808.5680449516,1194.56984748831,13518.5700028907,12384.2218010067,17415.8071710548,14666.0037350998,2015.16105447464,18039.2359894663,3102.33420282471,8791.6068060073,2796.99467450872,21450.3817235485,19025.4827081327,5680.48911284269,2387.03158184149,30074.022636187,2012.50403891167,5829.35036950575,6431.49264403135,3359.30728679403,9959.97625009919,9771.34537083921,14059.0777517124,2097.9275398793,21000.2060491867,38768.9359280068,2391.59535691204,11994.8829890665,6715.30689061562,1228.4955487621,15908.3701200047,23266.0750138552,7628.23206504273,16216.4417935722
12899.7136717786,22963.5330647877,17671.6407715779,17745.5792384116,3711.5189464039,6527.22131720632,21840.2503669287,5192.86529837624,5483.79758319128,7631.58206837089,23318.0337683319,2212.57901163399,4367.67192935767,2600.46953675797,4797.75895062933,818.124085777728,15287.6291071333,18594.0816318553,19742.2184644688,4626.76787130609,2740.13805324182,15411.6620098557,1189.08590991513,13964.5723848241,13333.1514023717,17610.9397218649,15145.5400568037,2071.60211938833,18382.3300286326,3190.28290071165,8870.27560936059,2848.95806227036,22138.469119404,19386.3473732594,5780.74268557272,2664.14608709331,31527.3064856905,1989.05466031117,6210.05742027288,6548.42671383569,3441.11120088692,10562.598045727,9922.97734702061,14548.771000622,2065.53362815489,21091.1631012143,40009.9098765694,2438.86235946732,11987.5363796499,6922.75919321568,1226.53080912471,16410.9210173106,23819.0964906958,7614.42434833226,16224.3499704259
12946.3388640174,23183.5211068525,18693.810192166,18634.4447651748,3924.07639327897,7127.07779282516,22663.8817779678,5461.92903238084,5784.23219888518,8065.71970168193,24151.9697208701,2157.39208185305,4857.71982171143,2645.58014415618,4934.67626009417,828.535459606829,16394.113398676,19263.2901568704,20561.0258786952,4827.65972644622,2817.75534820412,16143.9692523991,1154.85213889867,14715.1345106981,14473.3683871422,18136.3051542103,16192.8611729879,2099.08947955689,19431.4779607942,3394.81082465096,9317.79511131238,2898.70734714114,22686.9725497974,19970.8340734026,5784.23444982879,2788.79359669283,32950.2625418103,1963.68799330076,6315.91137111395,6598.88316739712,3525.7612642187,11295.0606011845,9819.58554927816,15555.1565119474,2089.35025203804,21490.1678372135,40971.190486709,2466.90923959114,12518.3513612241,7260.01738680769,1193.62675152686,17061.1597423321,24850.5607003186,7487.76728733443,16277.4739501307
13201.9544537212,23798.4322091116,19542.2419947558,19737.2379810922,4062.45205217349,7930.13136562351,23868.4572602187,5699.20112902044,6077.85604093636,8178.84182823342,24926.9004973518,2271.68063185331,5919.37970873344,2610.68615002367,5058.12333622407,822.398409709222,17449.0182247608,20294.7042982169,21534.3581850755,5011.63810968946,2953.4256336679,17010.6708541979,1161.6187011581,15299.5833960445,14779.7610613418,19300.2284724879,17255.7817507989,2129.58854473851,20861.4778294483,3740.34432636594,9783.35358150511,2939.97410503759,23689.4141110778,21100.0862567036,5894.4197938736,2887.63173928543,34193.389248694,2035.26673837787,6474.46470909393,6830.97622838152,3731.91606833604,12394.2259157066,9995.6380401794,16573.8931809941,2122.29196681741,22274.5675213761,41944.1196168625,2635.71623664144,12545.5832660794,7317.95038537025,1162.43463297514,18140.7332596634,26024.1388720874,7513.36725470433,16815.9375870215
13681.6639666081,23812.3205881067,20263.5875187333,20529.8962338662,4093.4393883845,8375.67422073541,24386.6791974437,5893.84300997413,6259.02527110282,8291.74734329971,24605.0207022135,2280.6081697426,6128.24508914486,2621.18167280162,5255.30051819111,801.14976581679,17925.4358997941,20992.8708878869,21731.2589202765,5184.35215468102,2832.60560595035,17753.1869662706,1148.38741466226,15438.7875139866,15238.8486240883,20236.2836593463,16824.9770151716,2153.6122391959,21553.4940688267,3979.80196512586,10063.7082156783,3038.37559369004,24278.599595656,21978.1548791105,6441.63354694236,3118.36206132972,35280.0379038579,2083.6853795386,6452.56559080203,7278.14564022437,3756.54882362395,12354.5202795186,10328.447384563,17305.6104369686,2165.32771713532,22923.164442871,42355.8383696961,2677.49144022186,12834.3963473069,7544.45299666726,1131.83494616218,17657.1872231776,25661.8992652436,7744.08074284835,17345.4914855097
13380.0623202347,24134.8695722652,20161.8357749952,20221.3542759622,4298.80548762302,8601.14984808812,24490.7205121525,5897.04912988339,6232.79825996706,6960.39720153201,24201.8680295672,2108.31419176698,6295.00695037477,2696.8652239607,5423.17782894618,746.873901739191,18172.8970526964,20645.8371035966,21555.6675772141,5142.34906541206,2807.19764303826,17663.5279575079,1225.16905526696,15390.5025614585,15274.7186829439,19703.3895353395,17140.1526953968,2067.83146152438,19978.1923737196,3967.33140080914,10317.2683402867,3196.99377672068,24069.3182582934,21315.1638417676,6383.30172333188,3055.70824449728,36850.1653428505,2089.22742200594,6382.51203868653,7393.23311841253,3855.66396039107,11648.9247323826,10234.6591322976,17205.7952701718,2197.65270779311,23440.7813157407,39177.5308015288,2735.93585929017,12835.4768462175,7897.25024120445,1086.47687862096,17365.7738952126,25381.5108533059,8180.48641345826,17892.6490129323
13171.2164257237,24716.6528838653,21078.0163411849,21323.8829512026,4400.05043865689,9261.17596807089,25435.0560410991,6037.73915813556,6411.11239607212,8282.30325178249,25582.2256888929,1940.91563894078,6691.83581731563,3000.20172328872,5514.79894962617,732.647898826434,18176.285059902,21423.0417549695,22640.6024629158,5375.6706040188,3007.9442447665,18528.7988042612,1218.55746542413,15632.5995554323,14917.5856330788,21004.5039786192,17632.3699141601,2072.7513375007,20336.3417172246,4766.63730523494,10454.4399227679,3463.3112605727,24938.1671271346,21334.1718281815,6502.0389088697,3179.65129169351,38799.9553200671,2121.09773733566,6319.39470757494,7303.62869454136,4079.94933914828,12281.0300995748,10204.7237644636,17581.6479255692,2238.95051288533,23614.0501062829,38633.2740712592,2919.89131913391,13472.4407055735,8524.47953771176,1055.97873140379,17881.1499426387,26503.1792883586,8472.75429131608,18926.3399326537
13803.0889072323,24663.349425053,22162.7521858908,21415.1508735954,4518.31781281592,9484.39514778407,25999.7992100844,6147.60013308564,6804.05020709649,9596.41469064071,26006.5806347229,1900.35294934632,6940.7686865146,3161.7908737944,5726.63629506052,719.083035871825,18173.1223526567,22072.8148692011,23422.1954060407,5644.25046848569,3217.77034863371,19983.7380552192,1276.69405741223,16344.2525006692,14703.7373406724,21450.8599712557,18231.4914138987,2180.2376952348,20517.5900681063,4993.94469309896,10525.6540978917,3588.98497571966,25372.4684463644,20403.7737794355,6702.30221677279,3340.53137736523,40241.0835276161,2135.43270043256,6228.50909682559,7136.81592903251,4191.1450022615,12794.8140905144,9947.65826272767,17890.9955125679,2288.32731450342,23160.0492967781,39661.0247939827,3134.5698888466,14497.8736618268,8617.13022392791,1039.36852453015,18341.6156448284,27464.0283241352,8525.21626880792,19642.9430930103
13162.8139803507,25382.8537103588,22143.4051093515,21981.4012329201,4510.53847596966,9723.11932801377,26722.3073373612,6518.07071699633,7043.930406922,10286.5583482411,26531.0557042739,1747.90884359671,7205.04907634134,3333.95318903615,5976.04166666667,666.937718496706,18660.444592458,22875.0808145745,24157.0044085105,5773.12558796244,3429.35416783241,21008.5896383231,1316.97470119652,17245.7403977363,15170.992046463,22063.8684952073,19026.5999560368,2288.91449574839,21228.4789401459,5099.58069728866,11102.7178195226,3584.33687732518,25872.0061331455,20425.8456130968,6037.45873323637,3146.31872961123,41642.6619649038,2235.42398493407,6670.01154509762,6767.15359939584,4288.44692580813,12990.5677277721,10001.408429278,17972.324860669,2442.1635282285,23490.150920538,39946.9513806906,3385.00430845817,15734.4581863688,8552.27670276133,968.478680758619,19099.4436821559,28714.7470290463,8914.90183638042,19513.0764097773
13879.4809321307,25862.4202910448,23361.5247325493,22457.8891816908,4418.44220842172,10139.8464355718,27438.7295994813,6713.81455683901,7199.68825723941,11221.1339613971,27529.3342063846,1706.95917666784,7391.19762871797,3590.46039340538,5764.78333348523,725.252510777008,19935.6309805159,23611.5593150989,25198.7094900956,5888.76979756377,3477.3980466159,21839.3346299541,1222.30981959949,17714.7633033111,15775.7389127423,23301.6550985914,19906.196861566,2286.9602482892,21623.8306692937,5197.07492924531,11821.411464184,3667.90946618163,26220.0080982121,20831.2328593348,4309.13852444894,2969.5836100747,43314.8256436832,2269.31866587349,6800.03552649564,6863.48993882217,4407.75620499305,13572.2411925039,10129.2877374491,17815.5615233769,2545.63899237963,24326.5004493159,41039.6469170761,3488.90466774871,16074.0127510174,8308.88864161483,822.386312497244,19802.9391237712,29343.6081652192,9399.31083458994,19236.2678102975
13870.1447942102,26411.2005665092,23792.9885561509,23432.2405369172,4263.92497046286,10813.718517522,27736.8965256185,6830.92324384268,7063.76757359555,11759.2372136748,27366.405546279,1698.03608241888,7555.72063615025,3852.36859260156,5173.08945854813,745.555084600091,20936.5769081573,23896.3948255213,25601.2824258775,5950.70997178108,3392.25162810428,22876.4796616852,1273.52112968158,17998.3760297055,15724.8618084732,24029.0051310656,20304.8294248891,2324.80606677344,21730.6093472733,4609.11073141296,12502.0807799412,3732.09446593552,26411.0078585271,21022.6535589975,4379.48546075122,2949.79211538925,45122.7717527756,2387.88923309545,7647.80898974009,7089.46499326752,4509.24432589208,14066.1781626721,10533.847410662,18060.4916999177,2658.02375985282,24692.1687473642,42948.508616018,3580.77467813083,17476.2098063407,7922.26663043758,770.996577604646,19372.8622173509,28994.3179485943,9895.68998593856,18347.2992913087
12917.7378291684,26940.81760132,23776.3420459249,23343.6693402228,4211.41785210549,10108.2106427295,28415.6126575967,6829.35027917083,6721.80776376895,11967.4226334951,27116.4297016454,1693.50359202666,7655.23694812808,3898.5135621174,4669.4102239267,752.268398515803,21112.9272350866,24048.5618809926,25792.5965833038,5833.21550030046,3371.56134384324,23604.0440977117,1325.67988129111,18249.4515437097,16258.0247023802,24166.1574728513,20988.2538899987,2321.94503338258,21567.3394027617,4820.20395522495,13291.0019572593,3541.93092342436,26058.6560383338,21874.9456945021,4486.32531918385,2844.79543374417,45679.4854349397,2470.37951275807,8135.00045130764,7300.7843633552,4537.37397617995,14193.9683572438,10818.8399099477,17907.7029688261,2761.84972635442,24777.9565428778,43552.0311840196,3717.63065185777,17991.496382403,8116.30907881454,777.25970145777,19205.5581598911,29467.2056918773,10017.4346243113,17806.9505862275
12314.9566880915,25985.3926108124,24263.0488451839,23465.4424003584,3942.52609032086,9954.55869816944,27283.1307171727,6739.46662294669,6066.39906240691,12578.6865984423,28134.4918609123,1643.70429796161,7552.55852839323,4177.22780184269,4342.3098795188,739.182171499969,21650.9497247798,24532.637860023,25749.5330304131,5477.99910241003,3223.70902903695,23844.0941915625,1344.26678761146,18351.1701426763,16304.8110400106,24207.4907177134,21533.3831245192,2317.2644003529,21792.2733887545,5029.51907015062,12906.4731561499,3789.35956795726,25603.3896336113,21914.316034866,4329.42697910684,2723.83461108006,45597.6440633403,2545.57333010562,8253.82085153239,7111.39070748728,4574.55475042958,14425.2539388669,10501.9241156327,18018.7665279444,2862.12435062296,25076.330506426,42808.4367508026,3842.7792217762,18375.0246099223,8211.57697496888,813.22541342363,19597.4923539724,28633.8836175887,9017.53953098064,17458.692429427
12620.8298773247,26802.9343455201,24982.3837256721,23524.4948670039,3687.72898373765,9447.52688904131,27700.7118879788,6693.36792827429,6074.17989762859,13076.9733374005,28902.2663463676,1625.48103570774,7157.61481689277,4708.01422925749,4314.45653090779,739.653609271489,22202.196114684,24710.6006802743,26206.5886633338,5198.32757295521,3097.75399216873,23060.2278960506,1411.11383602662,18081.6969454329,16567.9764854853,24439.5988855288,22034.6228881974,2261.14577898674,22431.1889159556,4999.60443656903,12087.8742310633,3678.66591021781,26005.104547787,22487.8241818743,4410.51929545896,2479.59428308618,47214.5275042193,2628.72775068472,7943.82907486895,6222.80577690465,4534.73006199568,14354.7747354622,10045.884041449,18240.8459138689,2955.38477131387,25544.5621565959,42842.703916437,3983.18590772361,16218.9805452268,8422.82996863377,839.040000107996,20408.6611959901,29680.2879274872,8434.99113911365,16050.2080567272
12673.3635196954,27792.1022715177,24982.6057757812,24088.9658114323,3589.93003285351,9739.41969629837,28930.4106207541,6766.5282584739,6389.54335771074,14039.2354253342,30127.7404752558,1671.90971088751,7274.54377794873,5052.81225764148,4353.85147071848,722.843824859623,22793.5688953075,24949.0812191388,26977.887414065,5088.48998488592,3135.6714378471,23731.9885483318,1429.93766213308,18557.555388724,16447.8334340497,25185.6140248342,22870.2956507627,2215.93738437107,23786.8247584029,5192.16816227842,12260.3866538847,3749.21230453747,26668.668469499,23367.8709315656,4231.90781418716,2384.75412446179,49834.7757698485,2671.49513059971,7933.6169853114,6299.10735906427,4089.83813427395,14060.1338630373,10297.4885663546,18483.2746185509,3060.94595780559,26600.3540327558,43860.0326903071,4136.2938592758,15061.0683878226,8789.19024501773,775.657193919756,20850.0132095922,31535.3579118437,8289.37047349037,15424.0910133355
11610.2438018162,28484.3380041458,25582.862718232,24466.0486775205,3483.12530668679,10277.6687465465,29930.9669778208,6827.92861133058,6269.49940888701,14526.9762982813,31351.8584376604,1635.19840959839,7403.9888118221,5250.59754103218,4380.62660183071,688.87206638994,23488.9977248059,25210.5707111374,27604.766682443,4931.58360721695,3169.80497242318,24232.7816818362,1474.53929270285,18849.5196932778,16832.8891508019,25858.0177135876,24183.0138569008,2226.26419531428,24378.3068822502,5504.0785650479,12339.3124314181,3897.76317036194,27215.0190673576,23562.7149697753,3960.84927294181,2587.76947648298,52319.1270997781,2781.32229386482,8152.83921000588,6282.44244357238,3689.84340954919,14444.4997887001,9932.76353345888,18841.0206785557,3169.12455442495,27119.9928084855,45193.7237827773,4250.66344448623,14252.3155907459,8968.25773735489,748.472233829451,21677.8627340052,32559.8354910305,8357.89262832485,15056.4609275077
12250.782976651,28754.4986528968,26137.5068409362,24885.8561454862,3328.66007776559,10824.7620872398,30199.6408358288,7075.44532595427,6449.00344356416,14903.9918664384,32901.2258722386,1665.48720416874,7446.54217044173,5210.23354489491,4350.43509356611,687.594179933749,24035.8199562595,25652.7677674777,28199.1479361314,4817.98413313121,3098.41310097263,25463.9276864159,1512.45739416052,18897.0310875868,17259.2781548914,26576.1859878134,24751.559406728,2300.07590968918,26682.9116804485,5995.92729276037,11632.8636023658,4124.48120199018,27820.7041890061,24038.8982683673,3829.87244089871,2568.70912783051,54224.9073704074,2840.58285842932,8331.47194256726,6719.46849409264,3714.69568936158,15048.1031765942,9713.50288927518,19393.8820508175,3257.66423758733,27759.9617289039,45766.0012979249,4404.52764029808,13631.9061849955,9404.45086267303,734.614758149671,22323.4414690987,33378.7235119725,9040.71075255887,15625.7234871189
12372.919782575,29922.1088083454,26446.1420471687,25428.1389426922,3348.24039750038,10985.5267728691,30993.4712484347,7304.35618750411,6588.72851439691,15782.9949328139,32979.9560761175,1661.93996927829,6830.66142310523,5466.23796523315,4409.59476017368,581.434700156445,24810.7853846638,26155.4943569091,28523.8477655142,4869.75379775534,3189.26059701804,27335.2944253637,1550.41561190682,19584.5510591025,18197.6943310998,27412.9427266158,25668.057159605,2350.26553375858,27556.4821397533,6561.08090706676,11608.7942275854,3940.72078598691,28195.7703757492,24119.4589911576,3718.56904014741,2484.68572188383,54963.6123205892,2928.67613398176,8398.89392815828,7208.81581942871,3772.8459678654,16029.7029682993,9707.6185695781,20418.9164504653,3263.71203884295,28568.9240339933,46223.1202037617,4736.50850397789,12888.4854965162,10098.8430390675,754.947452585409,23510.5969836384,34197.3475126204,9697.35058379416,15773.4938539366
11952.3500405639,30579.7377351432,27250.64938026,26587.3031954798,3380.35832522346,10769.4174190411,32007.1407831989,7451.10776526342,6647.84833090513,16910.0972337073,32899.7237094678,1620.35407609258,7366.94781331157,5600.98853963799,4423.33659561937,748.314691995683,26026.2863735151,27227.943031272,29474.3378173051,4940.1320054022,3240.03087302232,27015.7332673764,1668.11721834933,20188.5550029213,18399.4638458258,28557.722061226,27409.3643387146,2409.4572905576,29645.9547790197,6957.66699570865,11517.2175104985,4271.54398241503,28990.7759766074,23876.9045796338,3185.45787080003,2603.58494819414,54626.9858305731,3055.05776424086,7386.98201932267,6385.16341687384,3922.77876284286,17257.6791310107,9904.82176208513,21414.2272009633,3307.86916211334,29149.4795709124,47445.3616554979,5272.70910946407,12284.029493875,10123.5066208266,785.863977919528,24837.4014379173,35284.1218913819,9636.06085786229,16272.7708695937
10953.1875420192,31164.1486420793,28209.7892869525,27453.3282815459,3440.51174869248,10914.6685406174,32314.3287841449,7556.78943683289,6851.40262203486,18013.6477835903,33036.8524041071,1548.93228563196,7209.60500151342,5774.00624159447,4412.30519192276,679.588055586855,27262.9417067114,28246.2383758785,30479.3466301063,5013.78163210121,3284.23948297779,26800.3273259053,1740.66178922212,21334.5950397478,18114.7853315542,29522.0275532298,28786.8923629814,2436.97984212536,32241.2145054844,7217.02306725379,11760.6636141798,4294.99672847638,30081.1961913918,23714.5544734923,3063.09176779145,2717.6059797002,54914.1579860041,3111.1826164276,7344.72939659277,5478.76377015691,4059.49208914125,18386.6844250079,9925.01598284183,22403.4278378074,3328.12367142002,29750.5192073204,49150.0381973048,5822.45085239775,12095.1710397569,9969.19312797479,811.356200514092,25393.2652608047,36221.1200935109,9697.08825269466,14513.0691704084
10652.6453464036,30581.9719827063,29294.4772389692,28240.9056365746,3530.04535937013,10265.3618376476,31927.9951443184,7731.57216377905,6918.22440547366,18950.1380064506,33496.9821744977,1397.53832594221,7252.96664565816,5962.32950837889,4503.34988879172,658.337133977556,27342.9956504345,28907.5852577564,31900.8642505531,5046.14449895819,3195.8650273547,26835.9129738453,1801.45652494051,22968.1697478268,18939.4842866259,30102.7309054023,30287.06261963,2455.35753318796,33593.6354073083,7657.78569289161,12110.2349924081,4379.39323898459,31132.8329725925,23487.8490178465,2995.52156978997,2949.11190014741,55697.1302656015,3156.96918134223,7774.45097095924,5096.59270500779,4077.702327493,19106.6337824897,9670.73675941043,23201.9729508953,3491.08974493239,29789.8776122322,50531.2095440161,6383.17159638409,12193.8538133929,10704.6678552422,832.683360821868,25463.9755859719,36550.0496128481,9719.8281094101,15083.2506627367
11606.1493716319,30299.7454434763,30112.8916965167,28663.8540049626,3643.44409905955,10196.9035786442,30858.7483903643,7740.60089893767,6897.27021583586,18586.6732460287,33840.5721552588,1232.38740118932,7439.96931145509,6140.07345021032,4603.49630800162,589.619305376639,25609.3610917197,29055.3485119639,33308.7595438861,5104.53100026638,3209.66776824769,26509.9249713224,1772.61217292265,23299.1957248175,19776.6614017796,30554.0337341228,31178.3146894766,2408.97108456159,36066.0122935836,7880.02812671103,12370.448349076,4598.92734714413,31671.2695576537,22908.1648719119,2924.74914395989,2875.24114436316,57130.4812853985,3226.02082377652,8331.76132728751,5102.97791703859,3954.37189635197,19902.5047645842,9343.98485109731,23735.1695061397,3615.5941995992,29252.2240668668,49577.5961258132,6842.94624126262,12439.6439837171,10623.8340361746,849.735789915118,25076.0526573136,36163.16600772,9958.31977890345,16168.0097999006
12626.6600394489,31143.9130633849,30514.1181142431,28989.1240701245,3631.2349974389,9985.14535521883,30749.4847347501,7908.31630350314,7339.43605997981,19804.0157734196,34395.6675385937,1059.93926536308,7529.16591161506,6412.25333202268,4885.96378709519,518.179487088059,24632.4705212499,29374.5661127652,33698.4804674163,5221.25885268735,3299.53147115188,25368.3165617365,1831.69584157828,24050.9909439132,20577.9783676164,30791.0426169362,31311.7395008037,2313.8925039475,36248.9520790751,8256.95777358171,12565.7301051914,4335.65450335367,31979.2939392746,22785.2451920126,2872.01983184274,2877.32337994962,58823.9665042898,3383.40719386189,8831.5744972489,4974.06977952643,3872.06571374031,20051.3036702381,8918.47645268735,23888.6161481253,3731.15737935845,28709.225851591,49016.3599511372,7406.62382226634,12159.7161629505,11077.6966563697,860.446619019938,25120.0577107392,37079.8903544775,10786.3137759509,16762.6709111977
13236.7832909305,32038.1758180601,30436.1529205967,28592.2685039441,3712.18378178727,10312.9188918323,31191.4255647509,8212.88620829796,7686.42804522891,19458.7178411633,34236.8929952832,881.456182672726,7509.88832844802,6468.25599072529,5179.09755106984,566.826664266955,24323.202681931,29058.5513163715,33128.0217552683,5293.757773784,3413.81885123322,25457.8071017606,1884.99438253988,24490.5750904791,20657.320434218,30509.9275867342,31243.9334105425,2250.73104934161,37256.9544199069,8549.05222810118,12560.3458871615,4218.70515159055,32145.6490970494,23827.9949095554,2799.20919461302,2849.80867921657,60125.0004060696,3355.37999978641,9124.96998657224,5133.92119649303,3860.51809817467,19555.7885722073,8806.81704171268,23569.8020065424,3947.36614609489,27924.0540057225,48413.8299493491,7984.6270941256,11916.9182396176,11779.3916916108,892.056112587511,25711.892491119,37714.7288373715,10986.1526719425,16441.63574115
13828.0251274708,32921.9805206429,30950.1680567411,29403.1615060673,3809.66555324373,10754.5356931661,32257.7141458518,8488.2704036133,7850.95881266471,20161.6126882825,35985.1777505166,816.166987082471,7690.88598166959,6595.84273112036,5426.69974814183,566.579917617448,25156.9322902649,29608.1399062335,33720.2453745676,5372.99204603035,3284.44486608972,26126.6109246233,1986.72449491105,25782.4026871394,21425.6942692162,31154.3343168386,31401.3352420283,2241.897397019,38139.9524856435,8787.0850779525,12863.4833606407,4580.25668179945,32863.4629495891,24637.0458893718,2832.34138834307,2801.34047953285,62800.370821196,3393.87575411434,9195.40440765343,5659.60027363995,3936.29062920656,19652.4303340775,8881.16503090166,24056.4522394829,4131.23242329067,28896.164957236,48538.5526792206,8553.34567255661,12283.1135788873,10962.5075047169,957.78448827503,26672.0864749605,38823.7054167783,11700.6194395059,15713.3355714286
13266.9312282178,33857.9399904109,31604.8475962058,30010.5558362332,3909.82858349646,11034.4686693285,32797.61929547,8782.36974914254,7960.71703860094,21763.9462189757,36937.4914955943,795.000709102253,7658.38912415773,6768.14208907197,5711.08024928414,581.609303095856,26104.0707093882,30096.4117814653,34135.4706180028,5501.51295277732,3335.50703068214,25906.6034048145,2097.95932120543,28064.1477918478,22157.4852713677,32053.1646668348,31913.0866584881,2275.24722322534,38144.3066263647,9057.03584055566,11844.8009003701,4213.64603682388,33661.5736897299,25406.1580073504,2940.29428002708,2791.01968458846,65048.9126420826,3474.11957181087,9167.15290458799,5972.99464082196,4026.31521425148,20402.9386493791,8965.91859836661,24643.6360816107,4324.10368341176,29929.5456013106,48374.5145034047,9164.62743137986,12721.4524505359,11567.4113739852,1015.82785818813,27265.7605832019,39476.6506668987,11447.9501215111,15994.2713558644
13832.2163625801,34821.2331193765,32251.1034687661,30419.3331086255,4000.74067178321,11103.3910362028,33020.0026176921,8819.92193495552,7839.69427515887,21774.3116630731,37851.0248015799,764.372534095972,7679.30044173483,6984.61868739438,5752.26978742551,639.759271673971,26964.9725635147,30390.2168288383,34306.266221601,5528.40218425789,3374.32536890871,26881.4114427328,2210.72720538946,30429.8471398126,22859.0050474653,32481.6905744923,32664.2952647625,2306.9380888612,38174.9014002113,9411.46161491231,12227.9654312655,4660.65944818813,34647.2659024161,26026.3586259856,3067.97082262943,2834.71715977411,67912.0317919649,3552.72400834284,9233.53209771025,6039.10605245039,4166.1390484066,21029.6584555214,9178.48522144497,25230.0647553275,4456.02612494714,30305.8985786639,48371.6938614231,9584.59132261076,13581.0453321373,12184.2934360196,1046.8258181,27908.5579718028,40487.3996906019,11998.1998657498,15638.0495709961
14781.2679255561,35981.8124276217,32901.3703679583,31496.4740635879,4117.10167114839,11303.7514541184,34101.6157025662,8981.69511545343,8083.7378826141,21978.9578749627,38920.126881793,703.087526311288,7828.55871232943,7236.2826700128,5944.97857851835,638.300857977493,28568.6544340277,30979.3188121756,34888.2192124917,5632.47532707597,3463.35781240555,27922.0865089508,2266.84169871788,33534.8034467862,23184.2752820304,33105.4370005904,33118.1922772573,2254.93090192008,39866.3723081667,9852.95012366383,12823.5044228629,4495.30672310467,35930.239871999,26294.1383423212,3132.44948447408,2844.72252502971,71063.3887746042,3501.07965775061,9631.0223153082,6330.18884491733,4285.86336700341,21874.7127118993,9265.29334152441,26084.2049302608,4716.4298892295,31150.8188580202,49276.8753201613,9217.61736245592,14598.1816094646,12897.1385186872,1071.89212144774,28682.3007841328,41777.0313280755,12501.4046198671,16304.0781801872
15177.7262568424,37386.2055649167,34039.0564024227,32071.1727234973,4240.44512202263,11174.412584637,35189.9499713851,8897.34605333596,8565.72273150042,22800.8413771358,39618.2722630919,675.158388893332,7837.17601433654,7394.09874615735,6120.76923789351,594.75870384469,30046.601000072,31953.1810112004,35571.7772807338,5773.04006671028,3486.61008887886,29443.64039967,2358.63330721466,36153.9351307764,23607.6112379573,33660.6842476198,32398.3119400339,2273.65400830195,41870.3895187046,10351.3246631412,13237.8883478339,4779.02076374211,37351.9984604647,26232.9569902704,3193.35269897212,2852.58961672578,72482.4196320406,3504.20596562417,10130.0270942968,6212.23882770396,4169.0451799949,22836.0293274082,9171.65717006895,27102.0125338083,4915.33906902019,32459.8102018642,50561.6034219418,8414.31313402461,15760.2242476302,13089.8304559237,1137.27875046023,29552.7879480758,43087.962770778,12982.5057052659,16034.4066728412
14501.2491659175,38427.6172511506,35218.0924312641,33147.2586990332,4177.12364317567,11059.2819694158,36614.3849866155,8398.03471830819,9074.05922578256,23612.6566711284,40627.2793881276,630.576314660535,7266.74745342069,7706.72426246903,6288.48315603758,607.608500968727,31311.7281859053,32896.7336066218,36298.2690469919,5852.19082788178,3348.63998579041,30360.0763052939,2481.42632933239,39570.6155300231,23961.6461487121,34171.5962351633,32278.4197295129,2265.0707735063,44824.0294445514,10528.5033700472,13513.5526462484,4747.49190326155,39027.543164888,27433.510613914,3362.768177457,2795.1851377183,73505.340237521,3547.95522033406,10317.7461079549,6215.92333518913,4205.76199388545,23632.911075875,9250.04586432119,28148.6410191376,5098.41233467605,33921.1368242795,51224.6765468004,8697.2248278418,16994.5151324617,12456.2605664537,1176.06778356754,30368.3727008213,44562.221805528,12664.6409377249,14789.8758312484
14227.8936439587,38758.1231596319,36323.3015778143,34248.1360253516,4201.36853106633,11372.9271438684,38137.0415377835,8518.58431125524,9056.91644429301,24704.8883317114,42000.5218672371,571.603269499855,7430.8859235025,7976.36288511706,6383.86703982184,626.141153404189,33001.3221334489,34000.2928718165,37405.3409861358,5918.19536520867,3468.21250488541,31473.3098336587,2536.09492473159,43019.1667530028,25572.7495052556,35370.0611585043,32945.7641516057,2220.31802154265,48068.2143731355,11300.1955512963,14188.179703661,4769.85761290985,40458.5246107718,27893.9491001583,3446.98048104039,2870.7529802044,75437.3969737099,3616.36067871501,10393.6608017216,6296.30967253363,4298.48218029694,24430.28884836,9492.0441088347,29377.6472522564,5370.77653444507,35492.6082167794,53032.2837743374,8986.2760821639,18121.3749551452,13101.4578284491,1193.18758845577,31409.9920050288,45866.8446337621,12375.6390493376,15048.2023102609
13450.3155195003,39835.4372315748,36686.2947040783,34382.2308196682,4193.23672025303,11350.7611840416,38418.7436337062,8537.90945618972,8990.98282532276,25310.1828746613,42216.3916530213,543.749613869963,7594.48129031189,8107.36991243312,6456.41242815332,658.790259783117,33774.9582196673,34466.4770832558,38079.7506517524,5910.52450168974,3490.95898382811,32332.9561267546,2622.57694060423,44827.2244602849,25148.3130858502,35863.996153083,32994.7343703396,2261.45160275402,48646.7080580784,11592.3657423887,13988.814160704,5077.38492070506,41084.4206197744,28491.0788536007,3497.58116147135,2922.7383841447,76612.4930701784,3608.91340272411,10256.207598869,6251.62834274824,4329.96616047318,24803.880528422,9605.71926718879,30196.8465445911,5260.50845403822,35981.0306372997,53535.2391248649,9184.98820171967,18812.7086758665,12173.5687426894,1256.67450633019,32159.8090332127,45844.4657125915,11878.9281992152,15272.7847000406
11852.7812945152,40629.2300525997,37129.1428528825,34814.4933148975,4219.50953304983,11532.8803369361,39119.9980299516,8628.8426339984,9100.70626460669,25822.8474889022,42299.8550211229,543.054078706323,7772.98225887343,8211.22591991872,6574.28352964889,649.785202107026,34262.0167366197,34631.7758966523,38130.8386826611,5991.24944549506,3550.85343116581,32159.3488280637,2675.67943916767,46692.3532393548,24687.2002807596,35769.0405751371,33018.1363319203,2216.72940695241,50006.9748019061,11710.8013648974,13918.0533950079,5195.20404636562,40891.4827591977,29469.6343673604,3475.58170324723,3457.99717311793,77331.4352447744,3648.08840460103,10291.9597696526,6508.27691319083,4394.54858428218,24894.3109278415,9808.88618102485,30631.8572980355,5430.01913560343,36631.4147803964,53307.8267445306,9660.84530364369,20217.5598201848,12736.7801324594,1301.78903217347,32838.9977881574,46230.6473555021,10958.2616042425,13668.7645819388
12758.7781808547,41844.4080149965,37222.8883058307,34877.0063577523,4256.64742004354,11507.1794319953,39484.4785955245,8843.63538469346,9536.26132158014,26243.6499684468,42355.2485968204,555.567072155982,7853.92513224627,8310.03429787437,6695.16269175582,617.827762832019,34856.9361598067,34682.8358841207,37920.6470616136,5995.75072836618,3640.99206925912,32703.7614584627,2852.09515453887,47613.3253740547,24543.0144839312,35609.7400636319,33501.7181420071,2222.72098909248,50298.7245876004,12320.3180629033,13938.5868729014,5472.0467562717,40776.780353527,30385.8220030372,3516.18482709284,3715.96195136871,77637.1113279764,3747.48143533721,10531.3077476549,6694.71894112709,4519.71578959649,24565.0050380492,9947.87702584027,31117.2867314659,5705.88892186889,37375.2219072371,52984.1214578909,10246.6611359377,23025.2521656054,13217.7702187376,1336.52931018897,33793.8620572324,47114.2739503444,11053.5919509556,12385.1807922428
13760.2327654128,42649.5742533015,38038.080525592,35915.7304313127,4356.49974589473,12000.4267760233,40312.9985536325,9190.55143674339,9797.44146907875,27068.9501042268,43346.62331937,574.309569925668,8360.38403026135,8493.94307994824,6791.25940660976,682.14514137294,36121.2297340405,35411.6536044798,38435.7824200856,6038.56527278023,3795.14429464065,34998.4487435769,3039.2207734512,48759.9377441427,25322.5465394754,35958.8299799213,34225.195647016,2276.03009375546,51993.8252986216,12783.4849288246,14341.6565317562,5681.36660040676,41384.7602135111,31092.450553217,3654.97064407369,4001.20212091271,80213.1891199438,3942.82535783453,11121.7101066334,6940.2307772014,4729.82333412915,24915.1530805139,10249.1148254091,31588.0598998186,5967.74525142378,38819.1963634631,54079.4654853397,10793.3142986658,24730.9134390001,14258.1712207299,1367.31316676367,34462.4592534874,48477.2052233031,11612.1162152056,14395.6241226552
14869.800074803,43299.3693685429,38671.9631352478,36429.045373186,4470.51476756374,12217.3322642854,41152.6862027373,9498.28440201271,10225.6585724802,27717.8781362553,44246.8859433131,590.262588150132,8658.18158823237,8725.08568780051,7007.04627622618,741.841233750761,37001.3627761148,35750.432744187,38788.8779768695,6090.79715049223,3950.59271969008,36626.9630964717,3269.43352860634,50813.2939434308,25899.2570540625,36109.0608330362,34614.9010093452,2348.43121800479,52960.4287840698,12945.1074900103,14582.0401803384,5794.29270721715,42076.254898006,31718.0850105413,3762.15923769367,4152.53672190138,81692.9113106426,4159.66627877498,11710.7146109226,7286.33741839943,4866.90604234971,25016.0304043336,10636.9354530192,32250.4721893251,6290.84180929148,39701.615851231,55246.3980075609,11166.875895871,26137.0750503303,15254.0509983869,1454.38722922132,35280.6191103234,49657.5340210708,12472.6981314394,15611.2382217343
15946.830663254,44203.7505602675,39800.9818641609,37091.642618269,4605.26435379704,12558.175681118,41771.765278904,10007.2528710816,10966.0952523794,28492.0485641807,45732.6398359695,601.951908217331,8889.13458592059,9164.21324041255,7256.34489751751,800.004304354411,38353.9338709984,36376.7824172705,40318.8612886237,6272.62039084981,4133.8139040455,37642.2168818776,3517.71159077279,52884.1963573332,26788.6823973225,36670.3168519088,35157.1997660217,2432.5121365628,54746.4235878409,13511.8293913525,15082.9909579353,6181.67698681007,43372.3063171658,32183.0185973583,3867.40120278697,4289.10065602292,82883.9023334594,4327.24570769059,12486.3097418309,7739.7349085462,5037.19663679587,25316.4348956726,11078.3743020925,33081.308613248,6722.96931165249,41301.7712947513,56912.4527075524,11666.6367079904,29527.994764189,16105.2578905022,1505.45454045862,35957.6521236594,50517.5860984167,12962.7340034242,16867.5217829997
17039.9838098181,45032.3248783643,41083.8029390613,38091.0095022527,4734.80892949327,13167.6093599216,42131.5729433461,10567.8981513926,11671.9327337557,29268.0539147792,45887.9162529715,619.23387071503,8931.62859907786,9642.04106761898,7511.25929688458,867.883601249509,40169.1213948904,37019.2805540207,41737.1713873987,6519.40418984305,4311.65720233659,40604.5072636822,3804.87850495824,54611.4010534538,27750.5456588451,37072.373831514,35895.8818197389,2531.85843077711,58197.7762834287,14246.4452214807,15327.6745193941,6283.4515930988,44807.2411453274,32741.007683775,4018.88155389263,4446.76647427986,84417.2458817653,4444.27948790541,13755.2782120482,8297.26831605872,5287.63208995558,25863.3702566513,11515.8474696329,33818.1624417396,7128.67949061402,42399.8253747604,58643.0365518315,12267.5290939876,30704.0152929899,16660.536258594,1573.09578308459,36584.1319195406,50939.5848057406,13774.6743768246,18046.087192936
17384.7737573257,44966.7162649855,41568.3796307132,38110.9795944116,4942.98229731906,13685.0688274408,42140.0379807055,10814.2855965681,11828.2333218987,29584.8213491188,45323.7260663745,636.768088137998,9340.22670720396,10154.6974539976,7584.37254182448,936.198071011602,40269.5146890295,36885.5536041829,42287.5433891488,6585.79453754804,4416.28314463728,40591.2025645254,3895.5182866403,52338.8507793833,27901.8599742198,36571.4727536772,35503.0361009725,2471.79278854428,56472.961427417,14970.6768653681,15291.387866355,6583.62180254352,45411.7784095291,31856.2071799934,4079.99237010602,4601.65631849078,83764.0253347229,4427.62974741685,14682.4266119441,8945.46662218428,5426.00011362489,25849.3374542352,11728.6769195006,33742.1581536432,7501.45332203684,41829.954950683,59300.7597421161,12460.5051325176,31597.9053834201,16572.6975086289,1679.86891632723,36095.8820949132,50321.0951515681,14714.3423073732,18697.1315391172
17215.7863665116,45006.009226166,39846.1772735112,36982.0740929843,5025.75211227324,13523.5811862962,40531.7620679489,10868.3269737924,11554.8232377752,28216.8146529853,42796.0972653566,634.068670633393,9237.3186938401,10438.1666404637,7325.804898073,992.066828420013,36757.5961031629,35609.6417400636,39983.9430569059,6477.48508759829,4236.73351620147,38161.4097106679,4166.29281420307,48537.7832583798,27597.7892772152,34480.8463812553,33534.7405001523,2486.84563991973,52232.7802177098,15365.804592326,14336.2323008675,6784.15686377387,43555.0167410017,31455.0465348186,3916.95693688185,4791.03708466514,81402.8699865911,4459.38620840354,14662.6244573876,8927.26992852075,5407.7724299439,25049.1990989834,11402.6057972114,32200.2181608885,7716.90005958004,39332.534757066,57356.9818978571,12350.866169973,30067.3049785718,15569.9642163453,1755.81848329871,34287.3286652111,48485.1021082406,15284.3491646448,17818.3542005393
18649.0328488734,45235.9426667936,40466.4715241422,37716.0211347177,5149.0180627974,14411.2246550738,41433.3230391817,11176.501370342,11975.1719602431,27863.4445837945,43278.4480348351,657.574583709642,9407.11984552477,10756.7550315151,7404.99811226029,1087.76093095216,37665.6111852895,36122.6972737733,41658.916649625,6521.2240673716,4324.08177649881,36363.2047565652,4531.0505387158,48111.4142381729,28502.6463647086,34999.565852236,35120.5030934622,2624.99551183805,53933.678944858,15931.7825654813,14852.4848879435,6956.86200062234,44016.1853922278,31616.8830325379,3991.85296501382,5029.95795972497,80873.5651165724,4437.16178663914,15246.528644753,9559.05190040432,5733.10989848096,25537.8844048331,11605.9291485652,31992.9912329846,8284.96157823809,41337.7149273787,58348.2317425606,13249.3748427848,29892.9840532868,16749.1170981508,1828.7038002433,34540.3385804007,49288.498047462,16420.1380595268,17288.4471928554
20003.0411265554,46132.3034741998,41446.8330725766,38131.3791011956,5330.97937419716,14831.1322628171,42197.6669211118,11787.6148606597,12365.9632393266,27271.3457250485,43575.972433448,680.602201041644,9985.09470241045,10736.5574972555,7548.01628511358,1199.39743018862,38432.5674745025,36691.5778474502,43189.34682538,6649.54465429575,4420.68968435516,36740.968523191,4768.07609111029,48981.2639461613,29370.4985955929,35151.2759271927,34979.3403529507,2712.01411764001,54031.0569941498,16483.0810725535,15210.5263402763,7226.31978198427,44592.1575269971,32057.9587604266,4189.45039597268,5135.7895320071,80623.6557430492,4463.93164509667,16762.2408357028,10043.7531844455,5850.96598686707,25132.9084993535,11837.5785875648,31600.5648752517,8917.64851944605,42080.0670118804,58687.0749095393,13317.712723554,29745.1255206812,17919.4671186401,1890.09122778167,34971.6541368537,49674.8062347428,17210.6759841653,17746.1607001257
19952.8469666773,46529.4640762503,41603.0786908888,37932.7996219331,5516.18623118205,14957.5561613699,42554.8482625305,12140.1493990596,12855.040647343,26201.4495461227,43354.3666617152,705.989769463899,10382.7526138505,10732.8049148957,7668.44197287061,1270.14903974957,37683.1180073752,36585.1450659467,43335.6237743227,6704.70428842043,4534.94918034609,36902.353666394,4946.34951656168,48896.0277207925,29701.2307773584,34127.1537042502,35620.4017307842,2760.69391815965,52315.9386039168,16944.3541092992,15603.7425132789,7341.77163741174,43964.1855865415,32523.2914450178,4352.54861072354,5213.27990696741,81776.3776543246,4523.52197434192,18007.2342358393,10500.6486007651,6150.24052639169,24221.1783724342,11962.9503880159,30819.5686428238,9433.8392111356,41602.9897499407,58630.9007783983,14237.3736174354,29998.8885531527,17974.9764683483,1877.27975350432,35156.4511688674,50390.9655627909,17724.2520283341,18476.6983501639
20314.7306366516,46977.6603088937,41581.8920244959,37688.7128554677,5799.77217817599,15221.693858074,42960.8524824945,12615.2791528382,13149.1849161563,24378.7476013062,43069.3466716617,741.991005875013,10687.9236075496,10714.0208753841,7787.71855854792,1368.26087383334,37066.4436222151,36658.0024225602,43417.2701263628,6809.91115299271,4594.47441804807,38106.1715081348,5221.86274311641,49561.2950394786,30183.1721939549,33512.0873812348,36230.0335022342,2840.91653569377,53347.0329461721,17411.8676225308,15607.9818468561,7581.01494450999,43590.663856611,33129.5765648081,4496.37819790734,5349.01345685609,81535.6512309554,4623.89040612609,18887.6596691054,10957.4486296804,6486.88572798524,24074.0493097518,12094.9951165938,30422.9451309858,10068.3484639551,41765.8032103706,58961.7686300019,14575.0142598921,30370.0072640999,18390.867890734,1896.80272160738,35701.3392435953,50764.7731949278,18566.9556780006,18463.9828286687
20200.29751727,47543.8084004587,41582.1106783254,37947.8331148884,6022.68273948112,15102.4576143293,43567.0982743999,13065.6646166392,13463.3290028115,23522.6311167468,43438.249249721,787.02921518455,10912.3599565011,10705.6070869652,7916.30265417982,1466.97301847966,36737.2388295989,36561.0833243268,44067.8701264542,6955.38420872313,4669.22839699033,38573.9203971749,5534.03481921753,52094.6664919134,30479.8183962356,33353.5283534587,36250.4618100189,2914.34243560083,54352.0066100943,17971.6623658821,15746.7351195888,7657.01718700837,43877.7676633061,33966.2305677122,4654.39181143375,5537.22694911525,82296.9418042452,4772.67304000946,19710.6429709104,11069.3119569248,6773.53299201351,24426.0926360532,12153.7288758109,30967.1864392769,10759.2543568209,42391.7407492564,59397.8923830492,14641.5869824488,30794.4496857842,18609.3831612047,1922.71204499773,36536.4215592063,51620.7935952545,19151.6115694443,17484.1569120723
