"","adf.01_H","adf.05_H","adf.1_H","R.01_H","R.05_H","R.1_H","adf.01_F","adf.05_F","adf.1_F","R.01_F","R.05_F","R.1_F","adf.01_KS","adf.05_KS","adf.1_KS","R.01_KS","R.05_KS","R.1_KS"
"3-10-0.2-50",0.684866666666667,0.876666666666667,0.915766666666667,0.8478,0.848766666666667,0.846566666666667,0.0624571428571429,0.0874571428571429,0.140014285714286,0.316828571428571,0.3164,0.317257142857143,0.622409523809524,0.789209523809524,0.775752380952381,0.530971428571429,0.532366666666667,0.529309523809524
"3-10-0.2-75",0.944266666666667,0.958533333333333,0.9501,0.899233333333333,0.902066666666667,0.900733333333333,0.0312,0.0913571428571429,0.157042857142857,0.321757142857143,0.320228571428571,0.320857142857143,0.913066666666667,0.867176190476191,0.793057142857143,0.57747619047619,0.581838095238095,0.579876190476191
"3-10-0.2-100",0.979933333333333,0.965466666666667,0.959733333333333,0.926566666666667,0.927533333333333,0.925333333333333,0.0280428571428571,0.0954571428571429,0.1617,0.294814285714286,0.293342857142857,0.294471428571429,0.951890476190476,0.870009523809524,0.798033333333333,0.631752380952381,0.634190476190476,0.630861904761905
"3-10-0.2-200",0.9849,0.974866666666667,0.9695,0.9569,0.9564,0.954733333333333,0.0375,0.109214285714286,0.178914285714286,0.211942857142857,0.211585714285714,0.210642857142857,0.9474,0.865652380952381,0.790585714285714,0.744957142857143,0.744814285714286,0.744090476190476
"3-10-0.6-50",0.692533333333333,0.894933333333333,0.934566666666667,0.869766666666667,0.868766666666667,0.866766666666667,0.0511142857142857,0.0495714285714286,0.0792857142857143,0.275,0.275757142857143,0.277342857142857,0.641419047619048,0.845361904761905,0.855280952380952,0.594766666666667,0.593009523809524,0.58942380952381
"3-10-0.6-75",0.9595,0.978566666666667,0.969133333333333,0.916733333333333,0.9169,0.915733333333333,0.0137285714285714,0.0364142857142857,0.0738714285714286,0.291485714285714,0.290671428571429,0.292157142857143,0.945771428571429,0.942152380952381,0.895261904761905,0.625247619047619,0.626228571428571,0.623576190476191
"3-10-0.6-100",0.994133333333333,0.9836,0.9743,0.9375,0.937966666666667,0.936133333333333,0.00694285714285714,0.0366857142857143,0.0751571428571429,0.275214285714286,0.274442857142857,0.274757142857143,0.987190476190476,0.946914285714286,0.899142857142857,0.662285714285714,0.663523809523809,0.661376190476191
"3-10-0.6-200",0.995566666666667,0.986466666666667,0.980733333333333,0.965433333333333,0.966066666666667,0.962966666666667,0.0081,0.0386285714285714,0.0777428571428571,0.192414285714286,0.191457142857143,0.192842857142857,0.987466666666667,0.947838095238095,0.902990476190476,0.773019047619048,0.774609523809524,0.770123809523809
"3-20-0.2-50",0.368166666666667,0.370966666666667,0.384166666666667,0.5843,0.592366666666667,0.587466666666667,0.111076470588235,0.183270588235294,0.240770588235294,0.259023529411765,0.256835294117647,0.256247058823529,0.257090196078431,0.187696078431373,0.143396078431373,0.325276470588235,0.33553137254902,0.331219607843137
"3-20-0.2-75",0.398566666666667,0.3054,0.356066666666667,0.684866666666667,0.687133333333333,0.683266666666667,0.141017647058824,0.220188235294118,0.268447058823529,0.277505882352941,0.275270588235294,0.276776470588235,0.257549019607843,0.0852117647058823,0.0876196078431372,0.407360784313725,0.411862745098039,0.406490196078431
"3-20-0.2-100",0.329733333333333,0.299133333333333,0.354633333333333,0.748133333333333,0.748733333333333,0.744233333333333,0.169305882352941,0.239641176470588,0.288588235294118,0.274182352941176,0.275688235294118,0.275729411764706,0.160427450980392,0.0594921568627451,0.0660450980392157,0.473950980392157,0.473045098039216,0.468503921568627
"3-20-0.2-200",0.245666666666667,0.283666666666667,0.350833333333333,0.8731,0.8696,0.868733333333333,0.205217647058824,0.2571,0.301817647058824,0.224352941176471,0.224547058823529,0.224941176470588,0.0404490196078431,0.0265666666666667,0.0490156862745098,0.648747058823529,0.645052941176471,0.643792156862745
"3-20-0.6-50",0.461066666666667,0.4858,0.438633333333333,0.667466666666667,0.662733333333333,0.659733333333333,0.0761294117647059,0.122317647058824,0.171270588235294,0.226764705882353,0.228570588235294,0.228270588235294,0.384937254901961,0.363482352941176,0.267362745098039,0.440701960784314,0.434162745098039,0.431462745098039
"3-20-0.6-75",0.641166666666667,0.4468,0.392666666666667,0.750366666666667,0.7545,0.749966666666667,0.0729058823529412,0.145623529411765,0.193547058823529,0.246688235294118,0.245188235294118,0.2454,0.568260784313726,0.301176470588235,0.199119607843137,0.503678431372549,0.509311764705882,0.504566666666667
"3-20-0.6-100",0.611533333333333,0.422733333333333,0.365766666666667,0.8187,0.817366666666667,0.8177,0.0845882352941176,0.155217647058824,0.205464705882353,0.2485,0.250570588235294,0.248523529411765,0.526945098039216,0.26751568627451,0.160301960784314,0.5702,0.566796078431373,0.569176470588235
"3-20-0.6-200",0.5088,0.358066666666667,0.309233333333333,0.906533333333333,0.9072,0.9002,0.111705882352941,0.174458823529412,0.221182352941176,0.208576470588235,0.208294117647059,0.208976470588235,0.397094117647059,0.183607843137255,0.0880509803921569,0.697956862745098,0.698905882352941,0.691223529411765
"3-30-0.2-50",0.491733333333333,0.702666666666667,0.776433333333333,0.590433333333333,0.5901,0.587366666666667,0.075462962962963,0.118551851851852,0.163455555555556,0.206103703703704,0.206448148148148,0.206703703703704,0.41627037037037,0.584114814814815,0.612977777777778,0.38432962962963,0.383651851851852,0.380662962962963
"3-30-0.2-75",0.814366666666667,0.8717,0.883733333333333,0.6681,0.6689,0.672933333333333,0.083062962962963,0.131388888888889,0.178437037037037,0.231681481481481,0.231711111111111,0.229603703703704,0.731303703703704,0.740311111111111,0.705296296296296,0.436418518518519,0.437188888888889,0.44332962962963
"3-30-0.2-100",0.909366666666667,0.907533333333333,0.8953,0.7138,0.709566666666667,0.7117,0.0876259259259259,0.1332,0.184292592592593,0.241096296296296,0.241577777777778,0.240322222222222,0.821740740740741,0.774333333333333,0.711007407407407,0.472703703703704,0.467988888888889,0.471377777777778
"3-30-0.2-200",0.928533333333333,0.9201,0.913266666666667,0.781933333333333,0.782066666666667,0.7819,0.0991111111111111,0.146366666666667,0.198455555555556,0.216562962962963,0.216025925925926,0.215611111111111,0.829422222222222,0.773733333333333,0.714811111111111,0.56537037037037,0.566040740740741,0.566288888888889
"3-30-0.6-50",0.547233333333333,0.755266666666667,0.8205,0.6325,0.630133333333333,0.629466666666667,0.0553333333333333,0.0838481481481481,0.116696296296296,0.190888888888889,0.192085185185185,0.191459259259259,0.4919,0.671418518518519,0.703803703703704,0.441611111111111,0.438048148148148,0.438007407407407
"3-30-0.6-75",0.852833333333333,0.904933333333333,0.910366666666667,0.694266666666667,0.6936,0.692666666666667,0.0576962962962963,0.0914814814814815,0.123914814814815,0.216833333333333,0.218355555555556,0.217911111111111,0.795137037037037,0.813451851851852,0.786451851851852,0.477433333333333,0.475244444444444,0.474755555555556
"3-30-0.6-100",0.9326,0.939933333333333,0.9313,0.745766666666667,0.7461,0.7429,0.065137037037037,0.0972074074074074,0.128385185185185,0.220992592592593,0.220885185185185,0.222644444444444,0.867462962962963,0.842725925925926,0.802914814814815,0.524774074074074,0.525214814814815,0.520255555555556
"3-30-0.6-200",0.970766666666667,0.952533333333333,0.936133333333333,0.831633333333333,0.833266666666667,0.831733333333333,0.0745851851851852,0.100225925925926,0.133133333333333,0.198181481481481,0.196803703703704,0.197540740740741,0.896181481481481,0.852307407407407,0.803,0.633451851851852,0.636462962962963,0.634192592592593
"3-40-0.2-50",0.272233333333333,0.336066666666667,0.366366666666667,0.502966666666667,0.502133333333333,0.501866666666667,0.0853621621621622,0.136656756756757,0.185010810810811,0.17442972972973,0.174235135135135,0.174497297297297,0.186871171171171,0.19940990990991,0.181355855855856,0.328536936936937,0.327898198198198,0.327369369369369
"3-40-0.2-75",0.415333333333333,0.3747,0.3657,0.5791,0.577133333333333,0.579266666666667,0.106,0.162197297297297,0.211381081081081,0.199245945945946,0.199578378378378,0.199808108108108,0.309333333333333,0.212502702702703,0.154318918918919,0.379854054054054,0.377554954954955,0.379458558558559
"3-40-0.2-100",0.462066666666667,0.370833333333333,0.371533333333333,0.6251,0.619766666666667,0.6192,0.112678378378378,0.168189189189189,0.217721621621622,0.204478378378378,0.205243243243243,0.205643243243243,0.349388288288288,0.202644144144144,0.153811711711712,0.420621621621622,0.414523423423423,0.413556756756757
"3-40-0.2-200",0.414033333333333,0.361933333333333,0.377566666666667,0.701633333333333,0.701533333333333,0.6966,0.127681081081081,0.177927027027027,0.226591891891892,0.197424324324324,0.197510810810811,0.1977,0.286352252252252,0.184006306306306,0.150974774774775,0.504209009009009,0.504022522522523,0.4989
"3-40-0.6-50",0.3505,0.455233333333333,0.478333333333333,0.524233333333333,0.529866666666667,0.5303,0.0647459459459459,0.0978027027027027,0.131648648648649,0.163537837837838,0.162940540540541,0.162891891891892,0.285754054054054,0.357430630630631,0.346684684684685,0.360695495495496,0.366926126126126,0.367408108108108
"3-40-0.6-75",0.584466666666667,0.569866666666667,0.543633333333333,0.606366666666667,0.603866666666667,0.600866666666667,0.0696027027027027,0.105789189189189,0.139681081081081,0.181210810810811,0.182478378378378,0.184124324324324,0.514863963963964,0.464077477477477,0.403952252252252,0.425155855855856,0.421388288288288,0.416742342342342
"3-40-0.6-100",0.677166666666667,0.5881,0.542433333333333,0.651766666666667,0.649866666666667,0.648433333333333,0.070745945945946,0.107427027027027,0.141851351351351,0.197210810810811,0.197540540540541,0.19897027027027,0.606420720720721,0.480672972972973,0.400581981981982,0.454555855855856,0.452326126126126,0.449463063063063
"3-40-0.6-200",0.715733333333333,0.5761,0.5197,0.7694,0.7692,0.766866666666667,0.0790108108108108,0.115943243243243,0.152002702702703,0.18392972972973,0.185118918918919,0.183816216216216,0.636722522522522,0.460156756756757,0.367697297297297,0.58547027027027,0.584081081081081,0.58305045045045
"5-10-0.2-50",0.708,0.90572,0.95354,0.81162,0.81242,0.81184,0.02202,0.06402,0.12368,0.2987,0.2992,0.29858,0.68598,0.8417,0.82986,0.51292,0.51322,0.51326
"5-10-0.2-75",0.96282,0.98314,0.98032,0.87192,0.87214,0.872,0.02002,0.0829,0.14712,0.31156,0.31084,0.31024,0.9428,0.90024,0.8332,0.56036,0.5613,0.56176
"5-10-0.2-100",0.99266,0.98762,0.98328,0.90386,0.90264,0.90308,0.02474,0.09326,0.16056,0.29554,0.2972,0.29526,0.96792,0.89436,0.82272,0.60832,0.60544,0.60782
"5-10-0.2-200",0.99492,0.9899,0.98724,0.95022,0.94968,0.94954,0.03852,0.11228,0.18468,0.21752,0.21756,0.21758,0.9564,0.87762,0.80256,0.7327,0.73212,0.73196
"5-10-0.6-50",0.71216,0.91608,0.96392,0.82056,0.82118,0.82086,0.00978,0.03022,0.06716,0.26596,0.26374,0.2651,0.70238,0.88586,0.89676,0.5546,0.55744,0.55576
"5-10-0.6-75",0.9649,0.9927,0.99,0.87974,0.87974,0.88116,0.00578,0.0338,0.07306,0.2969,0.29666,0.29518,0.95912,0.9589,0.91694,0.58284,0.58308,0.58598
"5-10-0.6-100",0.99786,0.99564,0.99184,0.91368,0.91398,0.9139,0.0054,0.03426,0.0733,0.27392,0.27442,0.2739,0.99246,0.96138,0.91854,0.63976,0.63956,0.64
"5-10-0.6-200",0.99894,0.9963,0.99402,0.9492,0.94944,0.949,0.007,0.03842,0.08004,0.21462,0.21354,0.2137,0.99194,0.95788,0.91398,0.73458,0.7359,0.7353
"5-20-0.2-50",0.62982,0.84872,0.90024,0.68234,0.68302,0.67986,0.04412,0.0748133333333333,0.125506666666667,0.2171,0.218166666666667,0.219526666666667,0.5857,0.773906666666667,0.774733333333333,0.46524,0.464853333333333,0.460333333333333
"5-20-0.2-75",0.93694,0.95462,0.94988,0.77276,0.77262,0.77332,0.0273866666666667,0.0837,0.143553333333333,0.243126666666667,0.242993333333333,0.24194,0.909553333333333,0.87092,0.806326666666667,0.529633333333333,0.529626666666667,0.53138
"5-20-0.2-100",0.98078,0.96874,0.95964,0.82864,0.82668,0.82618,0.0273933333333333,0.0875933333333333,0.147146666666667,0.242046666666667,0.243033333333333,0.24462,0.953386666666667,0.881146666666667,0.812493333333333,0.586593333333333,0.583646666666667,0.58156
"5-20-0.2-200",0.9876,0.97944,0.97436,0.92142,0.9224,0.92012,0.0391133333333333,0.103393333333333,0.168593333333333,0.206633333333333,0.205406666666667,0.207246666666667,0.948486666666667,0.876046666666667,0.805766666666667,0.714786666666667,0.716993333333333,0.712873333333333
"5-20-0.6-50",0.67324,0.88528,0.92896,0.71598,0.7169,0.71938,0.0216333333333333,0.0345666666666667,0.0650266666666667,0.202273333333333,0.20022,0.197953333333333,0.651606666666667,0.850713333333333,0.863933333333333,0.513706666666667,0.51668,0.521426666666667
"5-20-0.6-75",0.95688,0.98014,0.96996,0.80272,0.80252,0.80208,0.00798666666666667,0.0328933333333333,0.0666733333333333,0.22366,0.223153333333333,0.225046666666667,0.948893333333333,0.947246666666667,0.903286666666667,0.57906,0.579366666666667,0.577033333333333
"5-20-0.6-100",0.99356,0.98218,0.97168,0.85618,0.85522,0.8549,0.00717333333333333,0.03768,0.0771333333333333,0.230566666666667,0.231893333333333,0.230973333333333,0.986386666666667,0.9445,0.894546666666667,0.625613333333333,0.623326666666667,0.623926666666667
"5-20-0.6-200",0.9954,0.98878,0.98264,0.93274,0.9327,0.93258,0.00872,0.0379666666666667,0.0763466666666667,0.201673333333333,0.200106666666667,0.201013333333333,0.98668,0.950813333333333,0.906293333333333,0.731066666666667,0.732593333333333,0.731566666666667
"5-30-0.2-50",0.62278,0.84726,0.90812,0.58858,0.58694,0.5892,0.050776,0.095368,0.146352,0.190556,0.191324,0.191816,0.572004,0.751892,0.761768,0.398024,0.395616,0.397384
"5-30-0.2-75",0.92054,0.96808,0.9671,0.6713,0.67336,0.67504,0.068896,0.121424,0.169392,0.218436,0.215496,0.215324,0.851644,0.846656,0.797708,0.452864,0.457864,0.459716
"5-30-0.2-100",0.97642,0.98282,0.97844,0.71992,0.71814,0.72008,0.084404,0.130952,0.177928,0.228992,0.2306,0.228916,0.892016,0.851868,0.800512,0.490928,0.48754,0.491164
"5-30-0.2-200",0.9954,0.99202,0.99006,0.82472,0.8264,0.82436,0.09666,0.143236,0.1955,0.209096,0.207492,0.208876,0.89874,0.848784,0.79456,0.615624,0.618908,0.615484
"5-30-0.6-50",0.65322,0.86124,0.91758,0.61354,0.61574,0.61708,0.034656,0.068796,0.1067,0.177492,0.177576,0.176564,0.618564,0.792444,0.81088,0.436048,0.438164,0.440516
"5-30-0.6-75",0.92406,0.96686,0.97042,0.69268,0.69602,0.69444,0.048308,0.087296,0.120852,0.201184,0.199912,0.200208,0.875752,0.879564,0.849568,0.491496,0.496108,0.494232
"5-30-0.6-100",0.9709,0.98172,0.9817,0.75176,0.7527,0.75144,0.062332,0.09526,0.125932,0.208776,0.207468,0.207872,0.908568,0.88646,0.855768,0.542984,0.545232,0.543568
"5-30-0.6-200",0.99274,0.99208,0.9896,0.85588,0.8565,0.85522,0.075848,0.102264,0.134688,0.198604,0.19938,0.19882,0.916892,0.889816,0.854912,0.657276,0.65712,0.6564
"5-40-0.2-50",0.51784,0.72968,0.80374,0.52238,0.52404,0.5227,0.0575342857142857,0.0979228571428571,0.1447,0.161694285714286,0.16062,0.162622857142857,0.460305714285714,0.631757142857143,0.65904,0.360685714285714,0.36342,0.360077142857143
"5-40-0.2-75",0.85418,0.91026,0.90436,0.60462,0.60532,0.6054,0.0620542857142857,0.109211428571429,0.157231428571429,0.185188571428571,0.184954285714286,0.185705714285714,0.792125714285714,0.801048571428571,0.747128571428571,0.419431428571429,0.420365714285714,0.419694285714286
"5-40-0.2-100",0.94732,0.94272,0.93294,0.66126,0.6639,0.66324,0.0685285714285714,0.115837142857143,0.164891428571429,0.193028571428571,0.191014285714286,0.19224,0.878791428571429,0.826882857142857,0.768048571428571,0.468231428571429,0.472885714285714,0.471
"5-40-0.2-200",0.98336,0.97534,0.97128,0.78734,0.7872,0.78722,0.07694,0.121194285714286,0.172831428571429,0.189154285714286,0.190191428571429,0.190237142857143,0.90642,0.854145714285714,0.798448571428571,0.598185714285714,0.597008571428571,0.596982857142857
"5-40-0.6-50",0.58534,0.80318,0.8701,0.56246,0.55588,0.56104,0.0366885714285714,0.0617857142857143,0.0913428571428571,0.145782857142857,0.147625714285714,0.146931428571429,0.548651428571429,0.741394285714286,0.778757142857143,0.416677142857143,0.408254285714286,0.414108571428571
"5-40-0.6-75",0.90408,0.95162,0.94894,0.64132,0.64218,0.64452,0.0385485714285714,0.0695714285714286,0.100708571428571,0.173102857142857,0.172025714285714,0.171665714285714,0.865531428571429,0.882048571428571,0.848231428571429,0.468217142857143,0.470154285714286,0.472854285714286
"5-40-0.6-100",0.96454,0.96868,0.9625,0.7102,0.7086,0.70804,0.0461142857142857,0.0754571428571429,0.10586,0.179668571428571,0.180171428571429,0.17954,0.918425714285714,0.893222857142857,0.85664,0.530531428571429,0.528428571428571,0.5285
"5-40-0.6-200",0.98896,0.98448,0.98054,0.83034,0.82952,0.82712,0.0563114285714286,0.0812942857142857,0.113257142857143,0.17366,0.174574285714286,0.174414285714286,0.932648571428571,0.903185714285714,0.867282857142857,0.65668,0.654945714285714,0.652705714285714
"7-20-0.2-50",0.623314285714286,0.849457142857143,0.919971428571429,0.653042857142857,0.652885714285714,0.6544,0.0176230769230769,0.0553,0.105876923076923,0.198846153846154,0.198953846153846,0.198246153846154,0.605691208791209,0.794157142857143,0.814094505494505,0.454196703296703,0.453931868131868,0.456153846153846
"7-20-0.2-75",0.9203,0.976571428571429,0.976628571428571,0.749328571428571,0.747957142857143,0.749328571428571,0.0183769230769231,0.0703615384615385,0.126115384615385,0.222623076923077,0.224630769230769,0.2226,0.901923076923077,0.90620989010989,0.850513186813187,0.526705494505495,0.523326373626374,0.526728571428571
"7-20-0.2-100",0.986657142857143,0.9844,0.980985714285714,0.806128571428571,0.804485714285714,0.805471428571429,0.0225615384615385,0.0807230769230769,0.1412,0.237969230769231,0.239469230769231,0.2383,0.964095604395604,0.903676923076923,0.839785714285714,0.568159340659341,0.565016483516483,0.567171428571429
"7-20-0.2-200",0.993314285714286,0.989514285714286,0.987128571428571,0.908485714285714,0.909628571428571,0.908757142857143,0.0401307692307692,0.102807692307692,0.164492307692308,0.2073,0.205561538461538,0.207107692307692,0.953183516483517,0.886706593406593,0.822636263736264,0.701185714285714,0.704067032967033,0.70164945054945
"7-20-0.6-50",0.6336,0.862014285714286,0.934557142857143,0.677157142857143,0.676285714285714,0.678214285714286,0.00671538461538462,0.0267461538461538,0.0588769230769231,0.179646153846154,0.179730769230769,0.179053846153846,0.626884615384615,0.835268131868132,0.87568021978022,0.497510989010989,0.496554945054945,0.49916043956044
"7-20-0.6-75",0.927542857142857,0.9864,0.987471428571429,0.765257142857143,0.764614285714286,0.763942857142857,0.00533846153846154,0.0289615384615385,0.0624461538461538,0.207507692307692,0.208976923076923,0.209161538461538,0.922204395604396,0.957438461538462,0.925025274725275,0.557749450549451,0.555637362637363,0.554781318681319
"7-20-0.6-100",0.993414285714286,0.993885714285714,0.989642857142857,0.821042857142857,0.820285714285714,0.821828571428571,0.00591538461538462,0.0315153846153846,0.0656,0.222338461538462,0.223184615384615,0.221130769230769,0.987498901098901,0.96237032967033,0.924042857142857,0.598704395604396,0.597101098901099,0.600697802197802
"7-20-0.6-200",0.998271428571429,0.995742857142857,0.991785714285714,0.912428571428571,0.912642857142857,0.912242857142857,0.00757692307692308,0.0343307692307692,0.0738923076923077,0.199430769230769,0.198284615384615,0.198830769230769,0.990694505494506,0.961412087912088,0.917893406593407,0.712997802197802,0.714358241758242,0.713412087912088
"7-30-0.2-50",0.586942857142857,0.824357142857143,0.903971428571429,0.553014285714286,0.555671428571429,0.552814285714286,0.0450391304347826,0.0939521739130435,0.145117391304348,0.179913043478261,0.179086956521739,0.180513043478261,0.541903726708075,0.730404968944099,0.758854037267081,0.373101242236025,0.376584472049689,0.372301242236025
"7-30-0.2-75",0.896285714285714,0.969642857142857,0.978528571428571,0.636042857142857,0.635371428571429,0.635971428571429,0.0688304347826087,0.124213043478261,0.172352173913043,0.207569565217391,0.209213043478261,0.209413043478261,0.827455279503106,0.845429813664596,0.806176397515528,0.428473291925466,0.426158385093168,0.426558385093168
"7-30-0.2-100",0.975328571428571,0.988757142857143,0.986128571428571,0.696028571428571,0.693885714285714,0.694071428571429,0.0852260869565217,0.132126086956522,0.178647826086957,0.215134782608696,0.216821739130435,0.216608695652174,0.89010248447205,0.856631055900621,0.807480745341615,0.480893788819876,0.47706397515528,0.477462732919255
"7-30-0.2-200",0.997,0.9951,0.993757142857143,0.807514285714286,0.807671428571429,0.807114285714286,0.104334782608696,0.14755652173913,0.196,0.212069565217391,0.210226086956522,0.211178260869565,0.892665217391304,0.84754347826087,0.797757142857143,0.595444720496894,0.597445341614907,0.595936024844721
"7-30-0.6-50",0.605057142857143,0.834528571428571,0.911271428571429,0.5756,0.578071428571429,0.5754,0.0303521739130435,0.0656260869565217,0.102678260869565,0.166560869565217,0.1645,0.167347826086957,0.574704968944099,0.76890248447205,0.808593167701863,0.409039130434783,0.413571428571429,0.408052173913043
"7-30-0.6-75",0.901542857142857,0.969971428571429,0.980028571428571,0.659714285714286,0.657785714285714,0.658257142857143,0.0463695652173913,0.0915782608695652,0.127395652173913,0.18935652173913,0.192178260869565,0.18995652173913,0.855173291925466,0.878393167701863,0.852632919254658,0.470357763975155,0.465607453416149,0.468300621118012
"7-30-0.6-100",0.974142857142857,0.986471428571429,0.987957142857143,0.716671428571429,0.7189,0.717942857142857,0.0623521739130435,0.0980347826086957,0.12984347826087,0.202713043478261,0.200917391304348,0.200891304347826,0.911790683229814,0.888436645962733,0.858113664596273,0.513958385093168,0.517982608695652,0.517051552795031
"7-30-0.6-200",0.994285714285714,0.9953,0.994528571428571,0.841928571428571,0.841414285714286,0.841685714285714,0.0811347826086957,0.107734782608696,0.138726086956522,0.193186956521739,0.193860869565217,0.193069565217391,0.913150931677019,0.887565217391304,0.85580248447205,0.648741614906832,0.647553416149068,0.648616149068323
"7-40-0.2-50",0.530428571428571,0.773414285714286,0.861742857142857,0.501814285714286,0.501142857142857,0.499657142857143,0.0477,0.0871878787878788,0.133384848484848,0.1526,0.151724242424242,0.151884848484848,0.482728571428571,0.686226406926407,0.728358008658009,0.349214285714286,0.349418614718615,0.347772294372294
"7-40-0.2-75",0.875985714285714,0.952914285714286,0.956285714285714,0.5879,0.5888,0.587228571428571,0.0542909090909091,0.102278787878788,0.150348484848485,0.178272727272727,0.178169696969697,0.178175757575758,0.821694805194805,0.850635497835498,0.805937229437229,0.409627272727273,0.410630303030303,0.409052813852814
"7-40-0.2-100",0.968685714285714,0.976228571428571,0.970928571428571,0.654585714285714,0.655657142857143,0.651014285714286,0.0657909090909091,0.113366666666667,0.162148484848485,0.179812121212121,0.180778787878788,0.181842424242424,0.902894805194805,0.862861904761905,0.808780086580087,0.474773593073593,0.474878354978355,0.469171861471862
"7-40-0.2-200",0.995242857142857,0.990457142857143,0.985985714285714,0.771928571428571,0.770914285714286,0.770728571428571,0.0779545454545455,0.121533333333333,0.171830303030303,0.182678787878788,0.182836363636364,0.181833333333333,0.917288311688312,0.868923809523809,0.814155411255411,0.589249783549784,0.588077922077922,0.588895238095238
"7-40-0.6-50",0.570657142857143,0.812814285714286,0.894628571428571,0.529628571428571,0.529814285714286,0.533071428571429,0.0290060606060606,0.0540212121212121,0.0851151515151515,0.140178787878788,0.139909090909091,0.138954545454545,0.541651082251082,0.758793073593074,0.80951341991342,0.389449783549784,0.389905194805195,0.394116883116883
"7-40-0.6-75",0.8935,0.966142857142857,0.973457142857143,0.611171428571429,0.612728571428571,0.610285714285714,0.0342090909090909,0.0682242424242424,0.100209090909091,0.164760606060606,0.165493939393939,0.167215151515152,0.859290909090909,0.897918614718615,0.873248051948052,0.446410822510823,0.447234632034632,0.443070562770563
"7-40-0.6-100",0.972685714285714,0.983657142857143,0.982628571428571,0.680985714285714,0.681114285714286,0.680728571428571,0.0448181818181818,0.0759666666666667,0.106284848484848,0.17200303030303,0.172542424242424,0.172484848484848,0.927867532467532,0.907690476190476,0.876343722943723,0.508982683982684,0.508571861471861,0.508243722943723
"7-40-0.6-200",0.993757142857143,0.992357142857143,0.991042857142857,0.813657142857143,0.813757142857143,0.813414285714286,0.0583242424242424,0.0825636363636364,0.113666666666667,0.182706060606061,0.182184848484848,0.182433333333333,0.935432900432901,0.909793506493506,0.87737619047619,0.630951082251082,0.631572294372294,0.630980952380952
"10-20-0.2-50",0.57496,0.824,0.91126,0.59686,0.59815,0.59834,0.01542,0.05599,0.10803,0.18908,0.18894,0.1882,0.55954,0.76801,0.80323,0.40778,0.40921,0.41014
"10-20-0.2-75",0.89889,0.97977,0.98477,0.69594,0.69646,0.6961,0.01877,0.07212,0.13201,0.22091,0.21949,0.22042,0.88012,0.90765,0.85276,0.47503,0.47697,0.47568
"10-20-0.2-100",0.98692,0.99067,0.98899,0.76467,0.76581,0.76466,0.02454,0.08688,0.15161,0.24103,0.23788,0.24088,0.96238,0.90379,0.83738,0.52364,0.52793,0.52378
"10-20-0.2-200",0.99608,0.99375,0.99282,0.88251,0.88206,0.88199,0.04322,0.11299,0.17777,0.20945,0.21035,0.21055,0.95286,0.88076,0.81505,0.67306,0.67171,0.67144
"10-20-0.6-50",0.57879,0.83018,0.92096,0.61022,0.60998,0.61065,0.00578,0.02634,0.05852,0.16742,0.16776,0.16756,0.57301,0.80384,0.86244,0.4428,0.44222,0.44309
"10-20-0.6-75",0.90115,0.98554,0.99179,0.71584,0.71518,0.71691,0.00405,0.02779,0.06199,0.20627,0.20632,0.20647,0.8971,0.95775,0.9298,0.50957,0.50886,0.51044
"10-20-0.6-100",0.99032,0.99676,0.99463,0.77998,0.77975,0.78049,0.00557,0.03265,0.06851,0.22022,0.21868,0.21893,0.98475,0.96411,0.92612,0.55976,0.56107,0.56156
"10-20-0.6-200",0.99921,0.99759,0.99566,0.8928,0.89276,0.89308,0.0069,0.03511,0.07512,0.20138,0.20097,0.20081,0.99231,0.96248,0.92054,0.69142,0.69179,0.69227
"10-30-0.2-50",0.55438,0.80464,0.89687,0.50742,0.50986,0.50775,0.041595,0.097615,0.15474,0.17502,0.17305,0.173875,0.512785,0.707025,0.74213,0.3324,0.33681,0.333875
"10-30-0.2-75",0.88108,0.97319,0.98368,0.59316,0.59249,0.59217,0.071675,0.134625,0.18539,0.20412,0.206545,0.20548,0.809405,0.838565,0.79829,0.38904,0.385945,0.38669
"10-30-0.2-100",0.97685,0.9916,0.99055,0.6541,0.65383,0.65394,0.09516,0.14708,0.194775,0.2157,0.216935,0.216875,0.88169,0.84452,0.795775,0.4384,0.436895,0.437065
"10-30-0.2-200",0.99821,0.99684,0.99522,0.78331,0.78256,0.78288,0.11676,0.161195,0.21336,0.2118,0.21244,0.21314,0.88145,0.835645,0.78186,0.57151,0.57012,0.56974
"10-30-0.6-50",0.56244,0.81176,0.90363,0.52528,0.52561,0.52671,0.028285,0.06936,0.11253,0.15955,0.160485,0.15744,0.534155,0.7424,0.7911,0.36573,0.365125,0.36927
"10-30-0.6-75",0.88445,0.97336,0.98403,0.61277,0.61082,0.61212,0.04767,0.095985,0.13347,0.187005,0.188435,0.18823,0.83678,0.877375,0.85056,0.425765,0.422385,0.42389
"10-30-0.6-100",0.97678,0.99081,0.9918,0.68003,0.67982,0.68041,0.06665,0.1069,0.14054,0.20014,0.201415,0.200785,0.91013,0.88391,0.85126,0.47989,0.478405,0.479625
"10-30-0.6-200",0.99641,0.99642,0.9963,0.81384,0.81337,0.81362,0.09195,0.11974,0.151045,0.199245,0.20042,0.200935,0.90446,0.87668,0.845255,0.614595,0.61295,0.612685
"10-40-0.2-50",0.5482,0.80126,0.89176,0.46686,0.46709,0.46754,0.03222,0.07497,0.122626666666667,0.144623333333333,0.14414,0.143696666666667,0.51598,0.72629,0.769133333333333,0.322236666666667,0.32295,0.323843333333333
"10-40-0.2-75",0.87847,0.96819,0.9764,0.55727,0.55663,0.55658,0.05117,0.10577,0.156903333333333,0.167713333333333,0.16873,0.168113333333333,0.8273,0.86242,0.819496666666667,0.389556666666667,0.3879,0.388466666666667
"10-40-0.2-100",0.97587,0.9872,0.98557,0.61739,0.62014,0.61715,0.0650966666666667,0.111646666666667,0.158536666666667,0.177076666666667,0.1764,0.177603333333333,0.910773333333333,0.875553333333333,0.827033333333333,0.440313333333333,0.44374,0.439546666666667
"10-40-0.2-200",0.99703,0.99439,0.9927,0.75078,0.75076,0.75022,0.0834933333333333,0.128053333333333,0.179063333333333,0.184423333333333,0.18402,0.184976666666667,0.913536666666667,0.866336666666667,0.813636666666667,0.566356666666667,0.56674,0.565243333333333
"10-40-0.6-50",0.55888,0.80814,0.8993,0.49365,0.493,0.4915,0.02065,0.0504133333333333,0.0845066666666667,0.1311,0.130553333333333,0.131376666666667,0.53823,0.757726666666667,0.814793333333333,0.36255,0.362446666666667,0.360123333333333
"10-40-0.6-75",0.88233,0.97215,0.9811,0.58287,0.58121,0.5819,0.0330633333333333,0.0703133333333333,0.104263333333333,0.155823333333333,0.156626666666667,0.157003333333333,0.849266666666667,0.901836666666667,0.876836666666667,0.427046666666667,0.424583333333333,0.424896666666667
"10-40-0.6-100",0.97642,0.98897,0.98828,0.64353,0.64332,0.64344,0.0452833333333333,0.0787166666666667,0.111833333333333,0.1731,0.17325,0.174276666666667,0.931136666666667,0.910253333333333,0.876446666666667,0.47043,0.47007,0.469163333333333
"10-40-0.6-200",0.99572,0.9956,0.99421,0.79025,0.79055,0.79065,0.0631433333333333,0.08878,0.121393333333333,0.179083333333333,0.17828,0.179176666666667,0.932576666666667,0.90682,0.872816666666667,0.611166666666667,0.61227,0.611473333333333
