"","adf.01_H","adf.05_H","adf.1_H","A.01_H","A.05_H","A.1_H","adf.01_F","adf.05_F","adf.1_F","A.01_F","A.05_F","A.1_F","adf.01_KS","adf.05_KS","adf.1_KS","A.01_KS","A.05_KS","A.1_KS"
"3-10-0.2-50",0.956066666666667,0.984733333333333,0.977233333333333,0.946533333333333,0.946566666666667,0.9445,0.0128142857142857,0.0328142857142857,0.0652285714285714,0.0224714285714286,0.0226428571428571,0.0227857142857143,0.943252380952381,0.951919047619048,0.912004761904762,0.924061904761905,0.923923809523809,0.921714285714286
"3-10-0.2-75",0.995233333333333,0.986666666666667,0.9805,0.9643,0.964333333333333,0.961666666666667,0.00815714285714286,0.0370285714285714,0.0747142857142857,0.0253142857142857,0.0254857142857143,0.0256142857142857,0.98707619047619,0.949638095238095,0.905785714285714,0.938985714285714,0.938847619047619,0.936052380952381
"3-10-0.2-100",0.996066666666667,0.988766666666667,0.981366666666667,0.972366666666667,0.972033333333333,0.9688,0.00984285714285714,0.0407571428571429,0.0781428571428571,0.0293,0.0295,0.0297285714285714,0.98622380952381,0.948009523809524,0.90322380952381,0.943066666666667,0.942533333333333,0.939071428571429
"3-10-0.2-200",0.995933333333333,0.989333333333333,0.984633333333333,0.982866666666667,0.983,0.9782,0.0124142857142857,0.0498714285714286,0.0960142857142857,0.0241285714285714,0.0238714285714286,0.0242,0.983519047619048,0.939461904761905,0.888619047619048,0.958738095238095,0.959128571428571,0.954
"3-10-0.6-50",0.947733333333333,0.9769,0.969866666666667,0.947066666666667,0.947166666666667,0.9453,0.0182714285714286,0.0448857142857143,0.0847428571428571,0.0188142857142857,0.0184714285714286,0.0186714285714286,0.929461904761905,0.932014285714286,0.88512380952381,0.928252380952381,0.928695238095238,0.926628571428571
"3-10-0.6-75",0.9933,0.982466666666667,0.976133333333333,0.9661,0.966033333333333,0.962566666666667,0.0105285714285714,0.0429,0.0803571428571429,0.0225571428571429,0.0223428571428571,0.0228,0.982771428571429,0.939566666666667,0.89577619047619,0.943542857142857,0.943690476190476,0.939766666666667
"3-10-0.6-100",0.993833333333333,0.9855,0.978966666666667,0.973566666666667,0.973566666666667,0.969766666666667,0.0100857142857143,0.0415857142857143,0.0810571428571429,0.0231857142857143,0.0232571428571429,0.0231571428571429,0.983747619047619,0.943914285714286,0.897909523809524,0.950380952380952,0.950309523809524,0.946609523809524
"3-10-0.6-200",0.995133333333333,0.987933333333333,0.9836,0.9828,0.982866666666667,0.9785,0.0109428571428571,0.0457142857142857,0.0895428571428571,0.0246857142857143,0.0246428571428571,0.0246714285714286,0.984190476190476,0.942219047619048,0.894057142857143,0.958114285714286,0.958223809523809,0.953828571428571
"3-20-0.2-50",0.866266666666667,0.8586,0.8279,0.864733333333333,0.863833333333333,0.8604,0.0269941176470588,0.0564176470588235,0.0902294117647059,0.0293647058823529,0.0293823529411765,0.0298470588235294,0.839272549019608,0.802182352941176,0.737670588235294,0.83536862745098,0.834450980392157,0.830552941176471
"3-20-0.2-75",0.8872,0.8336,0.803566666666667,0.901566666666667,0.9024,0.894666666666667,0.0292,0.0638470588235294,0.0999058823529412,0.0308470588235294,0.0304058823529412,0.0317294117647059,0.858,0.769752941176471,0.703660784313725,0.870719607843137,0.871994117647059,0.862937254901961
"3-20-0.2-100",0.872466666666667,0.813733333333333,0.777666666666667,0.919666666666667,0.918433333333333,0.915266666666667,0.0354352941176471,0.0735470588235294,0.114705882352941,0.0316764705882353,0.0317941176470588,0.0317,0.83703137254902,0.740186274509804,0.662960784313725,0.887990196078431,0.886639215686274,0.883566666666667
"3-20-0.2-200",0.801033333333333,0.741933333333333,0.7091,0.955733333333333,0.955233333333333,0.946333333333333,0.0544,0.0969823529411765,0.141376470588235,0.0297294117647059,0.0295,0.0302941176470588,0.746633333333333,0.644950980392157,0.567723529411765,0.926003921568627,0.925733333333333,0.916039215686275
"3-20-0.6-50",0.900833333333333,0.905266666666667,0.883366666666667,0.879533333333333,0.8818,0.8778,0.0193647058823529,0.047,0.0812823529411765,0.0242764705882353,0.0242882352941176,0.0244647058823529,0.88146862745098,0.858266666666667,0.80208431372549,0.855256862745098,0.857511764705882,0.853335294117647
"3-20-0.6-75",0.935866666666667,0.8925,0.8664,0.9193,0.918466666666667,0.913966666666667,0.0188235294117647,0.0515529411764706,0.089,0.0252352941176471,0.0251529411764706,0.0255352941176471,0.917043137254902,0.840947058823529,0.7774,0.894064705882353,0.893313725490196,0.88843137254902
"3-20-0.6-100",0.9342,0.8866,0.859933333333333,0.9389,0.939,0.929866666666667,0.0192588235294118,0.0529352941176471,0.0905529411764706,0.0241705882352941,0.0241647058823529,0.0254647058823529,0.914941176470588,0.833664705882353,0.769380392156863,0.914729411764706,0.914835294117647,0.904401960784314
"3-20-0.6-200",0.8999,0.843266666666667,0.814133333333333,0.9621,0.9641,0.9567,0.0280941176470588,0.0658,0.109217647058824,0.0280176470588235,0.0279529411764706,0.0284941176470588,0.871805882352941,0.777466666666667,0.70491568627451,0.934082352941176,0.936147058823529,0.928205882352941
"3-30-0.2-50",0.904966666666667,0.937833333333333,0.9279,0.8339,0.8342,0.831166666666667,0.0212814814814815,0.0464481481481481,0.0781814814814815,0.0268444444444444,0.0265962962962963,0.0266407407407407,0.883685185185185,0.891385185185185,0.849718518518518,0.807055555555556,0.807603703703704,0.804525925925926
"3-30-0.2-75",0.961966666666667,0.9496,0.9367,0.882533333333333,0.881833333333333,0.872966666666667,0.0262333333333333,0.0558814814814815,0.0921518518518518,0.0263,0.0265962962962963,0.0276592592592593,0.935733333333333,0.893718518518518,0.844548148148148,0.856233333333333,0.855237037037037,0.845307407407407
"3-30-0.2-100",0.9701,0.9576,0.945566666666667,0.901266666666667,0.902733333333333,0.8939,0.0304481481481481,0.0613518518518519,0.0992407407407407,0.0280037037037037,0.0278555555555556,0.0285333333333333,0.939651851851852,0.896248148148148,0.846325925925926,0.873262962962963,0.874877777777778,0.865366666666667
"3-30-0.2-200",0.973366666666667,0.9627,0.9556,0.939033333333333,0.939633333333333,0.930833333333333,0.0469407407407407,0.0846740740740741,0.126640740740741,0.0313555555555556,0.0310962962962963,0.0318555555555556,0.926425925925926,0.878025925925926,0.828959259259259,0.907677777777778,0.908537037037037,0.898977777777778
"3-30-0.6-50",0.9103,0.939533333333333,0.931133333333333,0.861366666666667,0.861366666666667,0.859633333333333,0.0176296296296296,0.0437259259259259,0.0750148148148148,0.0204592592592593,0.0204333333333333,0.0202148148148148,0.89267037037037,0.895807407407407,0.856118518518519,0.840907407407407,0.840933333333333,0.839418518518519
"3-30-0.6-75",0.9691,0.9533,0.946566666666667,0.898533333333333,0.8993,0.8957,0.019062962962963,0.0488444444444444,0.0823111111111111,0.0214259259259259,0.0211148148148148,0.0213703703703704,0.950037037037037,0.904455555555556,0.864255555555556,0.877107407407407,0.878185185185185,0.87432962962963
"3-30-0.6-100",0.976433333333333,0.9598,0.9515,0.919733333333333,0.9201,0.911333333333333,0.0210777777777778,0.0521111111111111,0.087137037037037,0.0228148148148148,0.0231296296296296,0.0233592592592593,0.955355555555556,0.907688888888889,0.864362962962963,0.896918518518518,0.89697037037037,0.887974074074074
"3-30-0.6-200",0.982233333333333,0.968,0.961533333333333,0.9537,0.952033333333333,0.945733333333333,0.0300925925925926,0.0626407407407407,0.100481481481481,0.0244222222222222,0.0243851851851852,0.0245296296296296,0.952140740740741,0.905359259259259,0.861051851851852,0.929277777777778,0.927648148148148,0.921203703703704
"3-40-0.2-50",0.8095,0.807566666666667,0.7864,0.808666666666667,0.806266666666667,0.804366666666667,0.0253459459459459,0.0489648648648649,0.077227027027027,0.0231297297297297,0.0232810810810811,0.0232567567567568,0.784154054054054,0.758601801801802,0.709172972972973,0.785536936936937,0.782985585585586,0.78110990990991
"3-40-0.2-75",0.853366666666667,0.809833333333333,0.774466666666667,0.845633333333333,0.848733333333333,0.841466666666667,0.0295162162162162,0.0578351351351351,0.0922027027027027,0.0246054054054054,0.0241621621621622,0.0248648648648649,0.82385045045045,0.751998198198198,0.682263963963964,0.821027927927928,0.824571171171171,0.816601801801802
"3-40-0.2-100",0.843533333333333,0.796266666666667,0.774533333333333,0.881233333333333,0.8817,0.873633333333333,0.0341621621621622,0.0661,0.101862162162162,0.0248675675675676,0.0244675675675676,0.0247675675675676,0.809371171171171,0.730166666666667,0.672671171171171,0.856365765765766,0.857232432432433,0.848865765765766
"3-40-0.2-200",0.8061,0.764566666666667,0.742433333333333,0.922133333333333,0.922566666666667,0.915433333333333,0.0503108108108108,0.0896324324324324,0.13122972972973,0.0249,0.0251378378378378,0.0249189189189189,0.755789189189189,0.674934234234234,0.611203603603603,0.897233333333333,0.897428828828829,0.890514414414414
"3-40-0.6-50",0.861166666666667,0.862166666666667,0.840766666666667,0.846133333333333,0.8437,0.841466666666667,0.0183216216216216,0.0415972972972973,0.0700594594594595,0.0173945945945946,0.0176297297297297,0.017527027027027,0.842845045045045,0.820569369369369,0.770707207207207,0.828738738738739,0.82607027027027,0.82393963963964
"3-40-0.6-75",0.912133333333333,0.865433333333333,0.8394,0.885966666666667,0.8863,0.880266666666667,0.019227027027027,0.0470648648648649,0.0808108108108108,0.0198081081081081,0.0197324324324324,0.0201486486486487,0.892906306306306,0.818368468468469,0.758589189189189,0.866158558558559,0.866567567567568,0.860118018018018
"3-40-0.6-100",0.907633333333333,0.8588,0.837766666666667,0.9059,0.908066666666667,0.899766666666667,0.0216945945945946,0.0531621621621622,0.0873486486486486,0.019727027027027,0.0192675675675676,0.020027027027027,0.885938738738739,0.805637837837838,0.750418018018018,0.886172972972973,0.888799099099099,0.87973963963964
"3-40-0.6-200",0.893433333333333,0.839566666666667,0.825233333333333,0.9445,0.945366666666667,0.935933333333333,0.030072972972973,0.0647162162162162,0.104286486486486,0.0216081081081081,0.0210594594594595,0.0214972972972973,0.86336036036036,0.77485045045045,0.720946846846847,0.922891891891892,0.924307207207207,0.914436036036036
"5-10-0.2-50",0.95834,0.99512,0.9948,0.91,0.91012,0.90922,0.00448,0.02638,0.05798,0.02168,0.0212,0.02132,0.95386,0.96874,0.93682,0.88832,0.88892,0.8879
"5-10-0.2-75",0.99828,0.99714,0.99524,0.94364,0.94372,0.94242,0.00762,0.03442,0.07014,0.02424,0.0242,0.02404,0.99066,0.96272,0.9251,0.9194,0.91952,0.91838
"5-10-0.2-100",0.9993,0.9969,0.9962,0.95846,0.95834,0.95656,0.00832,0.03906,0.07666,0.0271,0.02704,0.02742,0.99098,0.95784,0.91954,0.93136,0.9313,0.92914
"5-10-0.2-200",0.99862,0.9975,0.9964,0.97818,0.9782,0.97584,0.01252,0.04982,0.09218,0.02394,0.024,0.02392,0.9861,0.94768,0.90422,0.95424,0.9542,0.95192
"5-10-0.6-50",0.9564,0.99528,0.99466,0.91034,0.91046,0.90976,0.006,0.0324,0.06432,0.01758,0.01752,0.01734,0.9504,0.96288,0.93034,0.89276,0.89294,0.89242
"5-10-0.6-75",0.99876,0.99646,0.99516,0.94698,0.94686,0.94566,0.00658,0.0339,0.07122,0.02078,0.02116,0.02128,0.99218,0.96256,0.92394,0.9262,0.9257,0.92438
"5-10-0.6-100",0.99904,0.99708,0.99522,0.96032,0.96034,0.9591,0.007,0.03574,0.07566,0.02338,0.02334,0.02352,0.99204,0.96134,0.91956,0.93694,0.937,0.93558
"5-10-0.6-200",0.99934,0.99758,0.9969,0.9771,0.97692,0.97504,0.0071,0.03916,0.07968,0.0228,0.02304,0.02294,0.99224,0.95842,0.91722,0.9543,0.95388,0.9521
"5-20-0.2-50",0.95322,0.98782,0.98502,0.8964,0.89646,0.89612,0.00536666666666667,0.0253133333333333,0.0521933333333333,0.0171866666666667,0.0175133333333333,0.0170066666666667,0.947853333333333,0.962506666666667,0.932826666666667,0.879213333333333,0.878946666666667,0.879113333333333
"5-20-0.2-75",0.99566,0.99066,0.98496,0.9341,0.9342,0.93274,0.00709333333333333,0.0301533333333333,0.06244,0.0210933333333333,0.0210733333333333,0.0210466666666667,0.988566666666667,0.960506666666667,0.92252,0.913006666666667,0.913126666666667,0.911693333333333
"5-20-0.2-100",0.99666,0.99096,0.98676,0.94994,0.94962,0.94806,0.0083,0.0348133333333333,0.0674666666666667,0.0230133333333333,0.0230933333333333,0.0233733333333333,0.98836,0.956146666666667,0.919293333333333,0.926926666666667,0.926526666666667,0.924686666666667
"5-20-0.2-200",0.99622,0.99212,0.98844,0.9735,0.97394,0.97206,0.01126,0.0438333333333333,0.08418,0.0243333333333333,0.0239733333333333,0.0243666666666667,0.98496,0.948286666666667,0.90426,0.949166666666667,0.949966666666667,0.947693333333333
"5-20-0.6-50",0.95544,0.98864,0.98484,0.90014,0.89916,0.8997,0.00574,0.0272333333333333,0.0561,0.0132266666666667,0.01376,0.01346,0.9497,0.961406666666667,0.92874,0.886913333333333,0.8854,0.88624
"5-20-0.6-75",0.99694,0.99106,0.98594,0.93678,0.93722,0.93576,0.00546,0.0286066666666667,0.0601533333333333,0.01746,0.0168933333333333,0.0175533333333333,0.99148,0.962453333333333,0.925786666666667,0.91932,0.920326666666667,0.918206666666667
"5-20-0.6-100",0.99692,0.99154,0.98832,0.95536,0.95586,0.95446,0.00788,0.0348,0.0702733333333333,0.0204666666666667,0.0202733333333333,0.0204666666666667,0.98904,0.95674,0.918046666666667,0.934893333333333,0.935586666666667,0.933993333333333
"5-20-0.6-200",0.99796,0.9936,0.9912,0.976,0.97624,0.97498,0.00829333333333333,0.03492,0.0718733333333333,0.02282,0.0228533333333333,0.02208,0.989666666666667,0.95868,0.919326666666667,0.95318,0.953386666666667,0.9529
"5-30-0.2-50",0.94282,0.97852,0.97658,0.8607,0.86054,0.86034,0.014824,0.040624,0.071496,0.018736,0.018792,0.018672,0.927996,0.937896,0.905084,0.841964,0.841748,0.841668
"5-30-0.2-75",0.9873,0.98476,0.9809,0.90414,0.9036,0.90224,0.023656,0.054324,0.087516,0.021908,0.022192,0.022232,0.963644,0.930436,0.893384,0.882232,0.881408,0.880008
"5-30-0.2-100",0.98958,0.98616,0.98212,0.92446,0.92422,0.92336,0.029736,0.061712,0.099284,0.022088,0.022136,0.022056,0.959844,0.924448,0.882836,0.902372,0.902084,0.901304
"5-30-0.2-200",0.99244,0.98956,0.98878,0.9568,0.95688,0.95486,0.048408,0.086188,0.127744,0.0258,0.025816,0.025632,0.944032,0.903372,0.861036,0.931,0.931064,0.929228
"5-30-0.6-50",0.94504,0.97826,0.97644,0.87652,0.87604,0.8761,0.011812,0.037572,0.068596,0.01504,0.015304,0.014984,0.933228,0.940688,0.907844,0.86148,0.860736,0.861116
"5-30-0.6-75",0.99,0.98564,0.97932,0.9158,0.91574,0.91494,0.016336,0.04296,0.0751,0.017716,0.017408,0.017132,0.973664,0.94268,0.90422,0.898084,0.898332,0.897808
"5-30-0.6-100",0.99136,0.98818,0.98306,0.9352,0.9359,0.93362,0.020064,0.048808,0.08214,0.02164,0.021688,0.021948,0.971296,0.939372,0.90092,0.91356,0.914212,0.911672
"5-30-0.6-200",0.99314,0.98966,0.98802,0.96576,0.96592,0.96374,0.02938,0.064452,0.104084,0.024596,0.02494,0.02506,0.96376,0.925208,0.883936,0.941164,0.94098,0.93868
"5-40-0.2-50",0.93468,0.97072,0.96706,0.84914,0.84984,0.84916,0.01304,0.0353742857142857,0.0621457142857143,0.0172971428571429,0.0173514285714286,0.0170228571428571,0.92164,0.935345714285714,0.904914285714286,0.831842857142857,0.832488571428571,0.832137142857143
"5-40-0.2-75",0.98448,0.97668,0.9688,0.89576,0.89554,0.89482,0.0189285714285714,0.0463885714285714,0.0796685714285714,0.0182114285714286,0.01808,0.0182228571428571,0.965551428571429,0.930291428571429,0.889131428571429,0.877548571428571,0.87746,0.876597142857143
"5-40-0.2-100",0.98648,0.98122,0.9758,0.91842,0.91896,0.91784,0.0227942857142857,0.0501085714285714,0.0838514285714286,0.0206028571428571,0.0206314285714286,0.0204714285714286,0.963685714285714,0.931111428571429,0.891948571428571,0.897817142857143,0.898328571428571,0.897368571428571
"5-40-0.2-200",0.99066,0.9861,0.98186,0.9522,0.95208,0.9488,0.0332542857142857,0.0665285714285714,0.105508571428571,0.0240514285714286,0.02394,0.0243628571428571,0.957405714285714,0.919571428571429,0.876351428571429,0.928148571428571,0.92814,0.924437142857143
"5-40-0.6-50",0.94168,0.97154,0.96658,0.86958,0.87012,0.86948,0.00979142857142857,0.03436,0.0639942857142857,0.0124142857142857,0.01228,0.0122971428571429,0.931888571428571,0.93718,0.902585714285714,0.857165714285714,0.85784,0.857182857142857
"5-40-0.6-75",0.9875,0.9801,0.97178,0.91268,0.9128,0.91334,0.0123371428571429,0.0380142857142857,0.06864,0.0141085714285714,0.0141771428571429,0.01418,0.975162857142857,0.942085714285714,0.90314,0.898571428571429,0.898622857142857,0.89916
"5-40-0.6-100",0.98982,0.98406,0.97694,0.9338,0.93394,0.93264,0.0164857142857143,0.0438771428571429,0.0771628571428571,0.0151142857142857,0.01512,0.0154457142857143,0.973334285714286,0.940182857142857,0.899777142857143,0.918685714285714,0.91882,0.917194285714286
"5-40-0.6-200",0.9917,0.9871,0.98344,0.96094,0.96132,0.95876,0.0234428571428571,0.0534857142857143,0.0915428571428571,0.0234657142857143,0.0233028571428571,0.0241342857142857,0.968257142857143,0.933614285714286,0.891897142857143,0.937474285714286,0.938017142857143,0.934625714285714
"7-20-0.2-50",0.919485714285714,0.9912,0.993242857142857,0.837271428571429,0.8365,0.836428571428571,0.00505384615384615,0.0245230769230769,0.0504923076923077,0.0147230769230769,0.0151,0.0153307692307692,0.914431868131868,0.966676923076923,0.942750549450549,0.822548351648352,0.8214,0.821097802197802
"7-20-0.2-75",0.996871428571429,0.996828571428571,0.994628571428571,0.897728571428571,0.897071428571429,0.897057142857143,0.00664615384615385,0.0290230769230769,0.0594538461538462,0.0188923076923077,0.0194538461538462,0.0190307692307692,0.990225274725275,0.967805494505494,0.935174725274725,0.878836263736264,0.877617582417582,0.878026373626374
"7-20-0.2-100",0.998442857142857,0.996628571428571,0.994228571428571,0.9266,0.9268,0.9265,0.00796153846153846,0.0347538461538462,0.0712076923076923,0.0216846153846154,0.0213076923076923,0.0210461538461538,0.990481318681319,0.961874725274725,0.923020879120879,0.904915384615385,0.905492307692308,0.905453846153846
"7-20-0.2-200",0.998657142857143,0.996871428571429,0.995857142857143,0.961957142857143,0.962214285714286,0.9614,0.0121307692307692,0.0450153846153846,0.0846461538461538,0.0246230769230769,0.0240923076923077,0.0245692307692308,0.986526373626374,0.951856043956044,0.911210989010989,0.937334065934066,0.938121978021978,0.936830769230769
"7-20-0.6-50",0.920328571428571,0.991028571428571,0.992457142857143,0.8397,0.8398,0.839828571428571,0.00532307692307692,0.0275923076923077,0.0573923076923077,0.0123,0.0121769230769231,0.0118,0.915005494505495,0.963436263736264,0.935064835164835,0.8274,0.827623076923077,0.828028571428571
"7-20-0.6-75",0.996785714285714,0.996214285714286,0.993742857142857,0.899514285714286,0.8994,0.899314285714286,0.00560769230769231,0.0304769230769231,0.0641153846153846,0.0173153846153846,0.0176230769230769,0.0173692307692308,0.991178021978022,0.965737362637363,0.929627472527473,0.882198901098901,0.881776923076923,0.881945054945055
"7-20-0.6-100",0.998428571428571,0.996371428571429,0.994714285714286,0.932271428571429,0.932285714285714,0.9319,0.00701538461538462,0.0362846153846154,0.0725923076923077,0.0200384615384615,0.0201307692307692,0.0197769230769231,0.991413186813187,0.960086813186813,0.922121978021978,0.912232967032967,0.912154945054945,0.912123076923077
"7-20-0.6-200",0.999042857142857,0.997342857142857,0.995828571428571,0.963314285714286,0.963085714285714,0.962728571428571,0.00709230769230769,0.035,0.0727615384615385,0.0211769230769231,0.0214,0.0215384615384615,0.991950549450549,0.962342857142857,0.923067032967033,0.942137362637363,0.941685714285714,0.94119010989011
"7-30-0.2-50",0.9124,0.983771428571429,0.985942857142857,0.800014285714286,0.8008,0.801314285714286,0.0138217391304348,0.0406695652173913,0.0713,0.0201173913043478,0.0200869565217391,0.0193391304347826,0.898578260869565,0.943101863354037,0.914642857142857,0.779896894409938,0.780713043478261,0.781975155279503
"7-30-0.2-75",0.990428571428571,0.990514285714286,0.988257142857143,0.8646,0.865128571428571,0.864571428571429,0.0238565217391304,0.055095652173913,0.0885826086956522,0.0227869565217391,0.0223739130434783,0.0230217391304348,0.966572049689441,0.935418633540373,0.899674534161491,0.841813043478261,0.842754658385093,0.841549689440994
"7-30-0.2-100",0.993485714285714,0.991585714285714,0.9898,0.897057142857143,0.897628571428571,0.897171428571429,0.0312913043478261,0.0666608695652174,0.103513043478261,0.0263826086956522,0.0261217391304348,0.0260782608695652,0.962194409937888,0.924924844720497,0.886286956521739,0.870674534161491,0.871506832298137,0.871093167701863
"7-30-0.2-200",0.995428571428571,0.993685714285714,0.9927,0.944942857142857,0.945114285714286,0.9441,0.0486739130434783,0.0890565217391304,0.131826086956522,0.0271695652173913,0.0273782608695652,0.0274782608695652,0.946754658385093,0.904629192546584,0.860873913043478,0.917773291925466,0.91773602484472,0.916621739130435
"7-30-0.6-50",0.913557142857143,0.984428571428571,0.986842857142857,0.817442857142857,0.818157142857143,0.816885714285714,0.0111130434782609,0.0376173913043478,0.0690217391304348,0.0143217391304348,0.0142913043478261,0.0146913043478261,0.902444099378882,0.946811180124224,0.917821118012422,0.803121118012422,0.803865838509317,0.802194409937888
"7-30-0.6-75",0.992085714285714,0.991728571428571,0.988514285714286,0.880185714285714,0.880314285714286,0.878985714285714,0.0157347826086957,0.0443869565217391,0.0782695652173913,0.0171260869565217,0.0169130434782609,0.0177304347826087,0.976350931677019,0.947341614906832,0.910244720496894,0.863059627329193,0.863401242236025,0.861255279503106
"7-30-0.6-100",0.995142857142857,0.991885714285714,0.989585714285714,0.9106,0.9105,0.910485714285714,0.0199782608695652,0.0492608695652174,0.0858173913043478,0.0190478260869565,0.0189739130434783,0.0189391304347826,0.975164596273292,0.942624844720497,0.903768322981366,0.891552173913043,0.891526086956522,0.891546583850932
"7-30-0.6-200",0.995871428571429,0.993857142857143,0.992585714285714,0.950042857142857,0.950414285714286,0.949485714285714,0.0321217391304348,0.0657652173913044,0.105673913043478,0.0240782608695652,0.0237782608695652,0.0240434782608696,0.963749689440994,0.928091925465839,0.886911801242236,0.925964596273292,0.926636024844721,0.925442236024845
"7-40-0.2-50",0.909285714285714,0.980371428571429,0.981071428571429,0.794371428571429,0.794757142857143,0.794185714285714,0.0107818181818182,0.0331424242424242,0.0606545454545455,0.0161787878787879,0.0162060606060606,0.0164787878787879,0.898503896103896,0.947229004329004,0.920416883116883,0.778192640692641,0.778551082251082,0.777706926406926
"7-40-0.2-75",0.988357142857143,0.988785714285714,0.985085714285714,0.8582,0.858071428571429,0.857714285714286,0.0183060606060606,0.0447363636363636,0.0764757575757576,0.0197333333333333,0.0198606060606061,0.0200060606060606,0.970051082251082,0.944049350649351,0.908609956709957,0.838466666666667,0.838210822510823,0.837708225108225
"7-40-0.2-100",0.993,0.989771428571429,0.987157142857143,0.892057142857143,0.892114285714286,0.892128571428571,0.0217030303030303,0.0506121212121212,0.0868606060606061,0.0191121212121212,0.0192242424242424,0.0187424242424242,0.97129696969697,0.939159307359307,0.900296536796537,0.872945021645022,0.872890043290043,0.873386147186147
"7-40-0.2-200",0.995371428571429,0.992657142857143,0.990057142857143,0.940842857142857,0.940157142857143,0.939842857142857,0.0354333333333333,0.0687454545454545,0.112133333333333,0.0249545454545455,0.0246757575757576,0.0248424242424242,0.959938095238095,0.923911688311688,0.87792380952381,0.915888311688312,0.915481385281385,0.915000432900433
"7-40-0.6-50",0.912371428571429,0.981542857142857,0.982485714285714,0.809957142857143,0.809428571428571,0.809371428571429,0.00915454545454546,0.0326909090909091,0.0598333333333333,0.011669696969697,0.0118969696969697,0.0118,0.903216883116883,0.948851948051948,0.922652380952381,0.798287445887446,0.797531601731602,0.797571428571428
"7-40-0.6-75",0.991485714285714,0.988957142857143,0.985085714285714,0.872157142857143,0.872557142857143,0.872828571428571,0.0116,0.0368757575757576,0.0688666666666667,0.0153121212121212,0.0150060606060606,0.0145757575757576,0.979885714285714,0.952081385281385,0.916219047619048,0.856845021645022,0.857551082251082,0.858252813852814
"7-40-0.6-100",0.994585714285714,0.991442857142857,0.987671428571429,0.904257142857143,0.904528571428571,0.903942857142857,0.0151878787878788,0.0428727272727273,0.076830303030303,0.0171272727272727,0.0173575757575758,0.0171848484848485,0.979397835497836,0.94857012987013,0.910841125541126,0.88712987012987,0.887170995670996,0.886758008658009
"7-40-0.6-200",0.995385714285714,0.991914285714286,0.989585714285714,0.950157142857143,0.949971428571429,0.949828571428571,0.0228393939393939,0.0536181818181818,0.0922878787878788,0.0216939393939394,0.0224030303030303,0.0219363636363636,0.97254632034632,0.938296103896104,0.897297835497835,0.928463203463203,0.927568398268398,0.927892207792208
"10-20-0.2-50",0.89343,0.98989,0.99517,0.73927,0.7394,0.73929,0.00456,0.02426,0.05015,0.01491,0.01467,0.01489,0.88887,0.96563,0.94502,0.72436,0.72473,0.7244
"10-20-0.2-75",0.99616,0.99797,0.99713,0.83353,0.83371,0.83351,0.00615,0.02878,0.05987,0.01882,0.01861,0.01873,0.99001,0.96919,0.93726,0.81471,0.8151,0.81478
"10-20-0.2-100",0.99925,0.99829,0.99729,0.87774,0.87762,0.8777,0.00741,0.03259,0.06611,0.02122,0.02145,0.0211,0.99184,0.9657,0.93118,0.85652,0.85617,0.8566
"10-20-0.2-200",0.99927,0.99809,0.99755,0.94531,0.94523,0.94521,0.013,0.04561,0.08516,0.02209,0.02235,0.02204,0.98627,0.95248,0.91239,0.92322,0.92288,0.92317
"10-20-0.6-50",0.89353,0.98991,0.99525,0.74507,0.74514,0.74532,0.00515,0.02576,0.05325,0.01109,0.01119,0.01067,0.88838,0.96415,0.942,0.73398,0.73395,0.73465
"10-20-0.6-75",0.99575,0.9978,0.9971,0.83779,0.83729,0.83735,0.00527,0.02998,0.0626,0.0166,0.01739,0.01738,0.99048,0.96782,0.9345,0.82119,0.8199,0.81997
"10-20-0.6-100",0.99943,0.99841,0.99682,0.88144,0.88131,0.88129,0.00498,0.02839,0.06338,0.01796,0.01742,0.0173,0.99445,0.97002,0.93344,0.86348,0.86389,0.86399
"10-20-0.6-200",0.99966,0.9985,0.99735,0.94524,0.94511,0.94514,0.00697,0.0333,0.07213,0.02138,0.02182,0.02182,0.99269,0.9652,0.92522,0.92386,0.92329,0.92332
"10-30-0.2-50",0.88865,0.98487,0.99006,0.71344,0.71331,0.7137,0.013615,0.04073,0.072195,0.018245,0.018205,0.017675,0.875035,0.94414,0.917865,0.695195,0.695105,0.696025
"10-30-0.2-75",0.9911,0.99407,0.99293,0.8039,0.80377,0.80419,0.02452,0.0562,0.0918,0.023275,0.023525,0.02284,0.96658,0.93787,0.90113,0.780625,0.780245,0.78135
"10-30-0.2-100",0.99574,0.995,0.99398,0.85203,0.85102,0.85139,0.03202,0.065705,0.10188,0.02381,0.024725,0.02431,0.96372,0.929295,0.8921,0.82822,0.826295,0.82708
"10-30-0.2-200",0.99683,0.99595,0.99511,0.92259,0.92264,0.92252,0.0532,0.093,0.135965,0.028375,0.028365,0.02853,0.94363,0.90295,0.859145,0.894215,0.894275,0.89399
"10-30-0.6-50",0.88956,0.98552,0.99039,0.72673,0.72682,0.72702,0.010535,0.03724,0.06922,0.01397,0.01381,0.01386,0.879025,0.94828,0.92117,0.71276,0.71301,0.71316
"10-30-0.6-75",0.99255,0.99476,0.99321,0.81751,0.81768,0.81764,0.01681,0.04628,0.07987,0.016785,0.01655,0.0165,0.97574,0.94848,0.91334,0.800725,0.80113,0.80114
"10-30-0.6-100",0.99675,0.99518,0.99396,0.86447,0.86441,0.86434,0.022165,0.054715,0.090675,0.01919,0.019255,0.01907,0.974585,0.940465,0.903285,0.84528,0.845155,0.84527
"10-30-0.6-200",0.99731,0.99627,0.99506,0.93145,0.93135,0.93106,0.03377,0.069195,0.10895,0.02207,0.02201,0.022155,0.96354,0.927075,0.88611,0.90938,0.90934,0.908905
"10-40-0.2-50",0.88768,0.98377,0.98791,0.7066,0.70679,0.70676,0.01064,0.0327833333333333,0.0596966666666667,0.0147933333333333,0.0147933333333333,0.01463,0.87704,0.950986666666667,0.928213333333333,0.691806666666667,0.691996666666667,0.69213
"10-40-0.2-75",0.99132,0.99317,0.99115,0.79845,0.79895,0.79813,0.0169233333333333,0.0432733333333333,0.0750266666666667,0.01661,0.0166466666666667,0.0168833333333333,0.974396666666667,0.949896666666667,0.916123333333333,0.78184,0.782303333333333,0.781246666666667
"10-40-0.2-100",0.9953,0.99388,0.99186,0.84537,0.84603,0.84561,0.0241633333333333,0.0533366666666667,0.0883133333333333,0.0198866666666667,0.0192633333333333,0.01978,0.971136666666667,0.940543333333333,0.903546666666667,0.825483333333333,0.826766666666667,0.82583
"10-40-0.2-200",0.99685,0.99504,0.99431,0.91845,0.91823,0.91863,0.0398133333333333,0.0765,0.116216666666667,0.0242633333333333,0.0244966666666667,0.02433,0.957036666666667,0.91854,0.878093333333333,0.894186666666667,0.893733333333333,0.8943
"10-40-0.6-50",0.88829,0.98431,0.98903,0.72294,0.72302,0.72277,0.00817,0.0317633333333333,0.0606,0.0107666666666667,0.01086,0.0108133333333333,0.88012,0.952546666666667,0.92843,0.712173333333333,0.71216,0.711956666666667
"10-40-0.6-75",0.99242,0.99337,0.99095,0.81551,0.81529,0.81562,0.0118533333333333,0.03866,0.0713233333333333,0.0123633333333333,0.0126333333333333,0.0120966666666667,0.980566666666667,0.95471,0.919626666666667,0.803146666666667,0.802656666666667,0.803523333333333
"10-40-0.6-100",0.99637,0.99398,0.99209,0.86137,0.86095,0.86158,0.01501,0.04309,0.07833,0.01601,0.01604,0.0157566666666667,0.98136,0.95089,0.91376,0.84536,0.84491,0.845823333333333
"10-40-0.6-200",0.9972,0.99534,0.99357,0.92812,0.92781,0.92792,0.0231566666666667,0.0560366666666667,0.0944833333333333,0.0201433333333333,0.0204666666666667,0.02045,0.974043333333333,0.939303333333333,0.899086666666667,0.907976666666667,0.907343333333333,0.90747
